District,rural/urban,Male,Female,Total,Households,Area in Sq. Km., Household Density ,Population Density,Gender Index,County,Location 1,Province
NAIROBI WEST,Rural,0,0,0,0,0,,,,NAIROBI,,36.79920201
NAIROBI EAST,Rural,0,0,0,0,0,,,,NAIROBI,,36.967484
NAIROBI NORTH,Rural,0,0,0,0,0,,,,NAIROBI,,36.8911257
WESTLANDS,Rural,0,0,0,0,0,,,,NAIROBI,,36.7882561
NYANDARUA NORTH,Rural,106111,109785,215896,52503,1394.69,37.64,109861.0821,1.03462412,CENTRAL,,36.42343108
NYANDARUA SOUTH,Rural,131872,137982,269854,61936,1472.58,42.06,138071.5517,1.046332808,CENTRAL,,36.55651343
NYERI NORTH,Rural,141423,143971,285394,81307,2253.47,36.08,144033.7579,1.018016871,CENTRAL,,36.9811441
NYERI SOUTH,Rural,114557,123990,238547,66028,874.13,75.54,124121.0526,1.082343288,CENTRAL,,36.89927916
KIRINYAGA,Rural,220494,224156,444650,126665,1402.71,90.3,224313.1914,1.016608162,CENTRAL,,37.32018369
MURANGA SOUTH,Rural,156115,165195,321310,84114,762.77,110.27,165399.6685,1.058162252,CENTRAL,,37.05522802
KIAMBU EAST(KIAMBAA),Rural,22768,22306,45074,12468,100.4,124.18,22532.77291,0.979708363,CENTRAL,,36.80546766
KIKUYU,Rural,424,398,822,251,4.78,52.51,486.7029289,0.938679245,CENTRAL,,36.63360077
KIAMBU WEST,Rural,25493,25508,51001,13465,197.39,68.22,25637.15041,1.000588397,CENTRAL,,36.62625892
LARI,Rural,60632,63263,123895,30779,439.16,70.09,63401.06358,1.043392928,CENTRAL,,36.67684469
GITHUNGURI,Rural,63591,65052,128643,33301,166.58,199.91,65433.74451,1.022974949,CENTRAL,,36.79433274
THIKA EAST,Rural,36828,36775,73603,19226,398.18,48.28,36867.49083,0.998560878,CENTRAL,,37.23100647
THIKA WEST,Rural,12299,12188,24487,7283,207.31,35.13,12247.32661,0.990974876,CENTRAL,,37.04502993
RUIRU,Rural,0,0,0,0,0,,,,CENTRAL,,36.99460397
GATANGA,Rural,54783,56375,111158,29664,307.15,96.58,56553.35911,1.02906011,CENTRAL,,36.88791928
GATUNDU,Rural,100939,107845,208784,53749,476.47,112.81,108056.8475,1.068417559,CENTRAL,,36.85558237
MOMBASA,Rural,0,0,0,0,0,,,,COAST,,39.6977
KILINDINI,Rural,0,0,0,0,0,,,,COAST,,39.6365
KWALE,Rural,64649,67449,132098,24506,947.88,25.85,67517.20378,1.043310801,COAST,,39.40753681
KINANGO,Rural,95472,106099,201571,32394,3973.04,8.15,106123.03,1.111310122,COAST,,39.10335046
MSAMBWENI,Rural,96815,101771,198586,36059,3112.07,11.59,101802.1095,1.051190415,COAST,,39.16173404
KILIFI,Rural,165217,182876,348093,55663,3839.68,14.5,182919.0288,1.106883674,COAST,,39.60114414
KALOLENI,Rural,102163,114222,216385,33158,871.56,38.04,114339.2186,1.118036863,COAST,,39.54477529
MURANGA NORTH,Rural,151033,163375,314408,87030,913.79,95.24,163540.282,1.081717241,CENTRAL,,36.98118146
MALINDI,Rural,126308,133467,259775,38704,7696.93,5.03,133483.4102,1.056678912,COAST,,39.74330931
TANA RIVER,Rural,54531,55719,110250,21389,22270.52,0.96,55721.44857,1.021785773,COAST,,39.34922935
TANA DELTA,Rural,47216,46544,93760,18146,15613.04,1.16,46547.02414,0.985767536,COAST,,39.51654731
LAMU,Rural,42813,38488,81301,17391,6258.46,2.78,38494.84082,0.898979282,COAST,,40.74388079
TAITA,Rural,87996,84572,172568,41936,13547.51,3.1,84578.49536,0.96108914,COAST,,38.56492447
TAVETA,Rural,24971,22829,47800,10816,3488.47,3.1,22836.15815,0.914220496,COAST,,37.97519351
MARSABIT,Rural,15780,15815,31595,6558,2045.73,3.21,15822.71363,1.002217997,EASTERN,,37.94495682
CHALBI,Rural,41318,33878,75196,15586,39248.03,0.4,33879.05274,0.819933201,EASTERN,,37.36288736
LAISAMIS,Rural,29088,29971,59059,13248,20133.42,0.66,29972.44476,1.030356161,EASTERN,,37.48344825
MOYALE,Rural,32832,28475,61307,9752,9310.32,1.05,28478.52641,0.867294103,EASTERN,,38.80269655
ISIOLO,Rural,23997,22539,46536,9745,15477.82,0.63,22540.55041,0.939242405,EASTERN,,38.46170147
GARBATULLA,Rural,18863,15521,34384,7076,9608.11,0.74,15522.96324,0.822827758,EASTERN,,38.65180184
MERU CENTRAL,Rural,70315,71453,141768,37209,790.15,47.09,71541.98943,1.016184313,EASTERN,,37.58330732
IMENTI NORTH,Rural,96455,94604,191059,51419,1515.94,33.92,94667.62719,0.980809704,EASTERN,,37.43552549
IMENTI SOUTH,Rural,83596,82722,166318,42793,657.31,65.1,82849.17896,0.989544954,EASTERN,,37.60133849
MERU SOUTH,Rural,40911,43726,84637,21157,557.98,37.92,43799.31983,1.0688079,EASTERN,,37.67297626
MAARA,Rural,37364,37767,75131,19509,408.58,47.75,37858.44843,1.010785783,EASTERN,,37.62522793
IGEMBE,Rural,223950,228586,452536,91130,2805.76,32.48,228665.8179,1.020701049,EASTERN,,38.05720532
TIGANIA,Rural,139371,150216,289587,61666,1122.88,54.92,150340.1192,1.077813892,EASTERN,,37.77333779
THARAKA,Rural,58691,62872,121563,25227,1462.16,17.25,62912.13993,1.071237498,EASTERN,,38.01828449
EMBU,Rural,106708,110074,216782,56173,630.06,89.16,110243.3616,1.031544027,EASTERN,,37.50475286
MBEERE,Rural,106932,109577,216509,50579,2090.86,24.19,109628.1426,1.024735346,EASTERN,,37.66541038
KITUI,Rural,155446,171802,327248,67254,7172.26,9.38,171823.6732,1.105219819,EASTERN,,38.30094003
MUTOMO,Rural,85554,93098,178652,32427,12833.65,2.53,93104.66638,1.088178227,EASTERN,,38.53912323
MWINGI,Rural,107186,120692,227878,45445,5217.1,8.71,120712.5451,1.126005262,EASTERN,,38.36852014
KYUSO,Rural,64719,74303,139022,26498,4820.1,5.5,74316.4269,1.148086342,EASTERN,,38.27042885
MACHAKOS,Rural,71438,78058,149496,33559,564.55,59.44,78184.53972,1.092667768,EASTERN,,37.16409824
MWALA,Rural,76334,81342,157676,33760,1014.01,33.29,81417.27934,1.065606414,EASTERN,,37.52391049
YATTA,Rural,106094,113963,220057,46905,2214.83,21.18,114010.9016,1.074170076,EASTERN,,37.60220541
KANGUNDO,Rural,0,0,0,0,0,,,,EASTERN,,37.27203719
MAKUENI,Rural,87571,96177,183748,36541,1249.27,29.25,96247.09774,1.098274543,EASTERN,,37.67253055
MBOONI,Rural,83997,92292,176289,36765,892.62,41.19,92386.10163,1.098753527,EASTERN,,37.60666503
KIBWEZI,Rural,111813,114038,225851,45843,3894.48,11.77,114066.7106,1.019899296,EASTERN,,38.02538524
NZAUI,Rural,94961,99381,194342,40654,1378.37,29.49,99449.89369,1.046545424,EASTERN,,37.41612392
GARISSA,Rural,40733,32376,73109,11189,4901.58,2.28,32384.31018,0.794834655,NORTH EASTERN,,39.56855753
LAGDERA,Rural,126612,106205,232817,35534,13285.02,2.67,106214.5304,0.838822544,NORTH EASTERN,,39.89717479
FAFI,Rural,49621,44099,93720,15583,15419.55,1.01,44102.21806,0.888716471,NORTH EASTERN,,40.43908059
IJARA,Rural,41782,34964,76746,10701,9778.17,1.09,34968.27299,0.836819683,NORTH EASTERN,,40.73455516
WAJIR SOUTH,Rural,66842,54728,121570,17030,21540.15,0.79,54731.10314,0.818766644,NORTH EASTERN,,40.34314459
WAJIR NORTH,Rural,73628,61877,135505,17592,8554.59,2.06,61885.60684,0.840400391,NORTH EASTERN,,39.5873795
WAJIR EAST,Rural,78399,63219,141618,18414,13307.77,1.38,63224.89122,0.806375081,NORTH EASTERN,,40.36685178
WAJIR WEST,Rural,93597,72796,166393,20716,13067.21,1.59,72803.16274,0.777759971,NORTH EASTERN,,39.5240015
MANDERA CENTRAL,Rural,184891,158652,343543,42017,11606.68,3.62,158667.9297,0.858083952,NORTH EASTERN,,40.72748791
MANDERA EAST,Rural,113535,87460,200995,25892,6069.16,4.27,87478.70687,0.770335139,NORTH EASTERN,,41.29294811
MANDERA WEST,Rural,161628,134022,295650,34273,8120.05,4.22,134041.9048,0.829200386,NORTH EASTERN,,40.2334622
SIAYA,Rural,238253,271416,509669,120471,1504.63,80.07,271574.3466,1.139192371,NYANZA,,34.3043068
BONDO,Rural,53823,56643,110466,26023,497.69,52.29,56751.14563,1.052393958,NYANZA,,34.19064437
RARIEDA,Rural,63020,68522,131542,30178,400.42,75.37,68679.38475,1.087305617,NYANZA,,34.33792037
KISUMU EAST,Rural,41091,42394,83485,18041,284.35,63.45,42538.50853,1.031710107,NYANZA,,34.80473358
KISUMU WEST,Rural,65384,72591,137975,31608,352.23,89.74,72776.62871,1.110225743,NYANZA,,34.53285818
NYANDO,Rural,115314,124415,239729,52448,847.6,61.88,124551.0477,1.078923635,NYANZA,,35.02991504
HOMA BAY,Rural,145981,161346,307327,65649,1067.59,61.49,161482.7388,1.105253423,NYANZA,,34.44445584
SUBA,Rural,96328,99785,196113,40405,1057.37,38.21,99876.10151,1.0358878,NYANZA,,34.20665004
RACHUONYO,Rural,154325,167978,322303,67930,860.23,78.97,168157.3997,1.08846914,NYANZA,,34.70386182
MIGORI,Rural,121181,132228,253409,51951,1092.16,47.57,132338.9554,1.091161156,NYANZA,,34.30280979
RONGO,Rural,65240,68914,134154,26880,429.94,62.52,69065.7421,1.056315144,NYANZA,,34.51455638
KURIA WEST,Rural,66766,69496,136262,21501,365.93,58.76,69678.45566,1.040889075,NYANZA,,34.51983447
KURIA EAST,Rural,40248,41585,81833,13513,188.03,71.87,41799.05095,1.033219042,NYANZA,,34.65699509
KISII CENTRAL,Rural,133883,149234,283117,60739,335.51,181.03,149633.0432,1.114659815,NYANZA,,34.79181187
KISII SOUTH,Rural,25973,28996,54969,11355,78.43,144.78,29327.16155,1.116390097,NYANZA,,34.6895693
MASABA,Rural,67399,75588,142987,31121,193.37,160.94,75936.54941,1.121500319,NYANZA,,34.88253143
GUCHA,Rural,173472,190988,364460,75379,444.13,169.72,191378.5883,1.100973068,NYANZA,,34.77186075
GATUNDU,urban,2783,3224,6007,1967,1.97,3052.8,4636.690355,1.158462091,CENTRAL,,36.85558237
GUCHA SOUTH,Rural,70458,75849,146307,29032,192.6,150.74,76214.82555,1.076513668,NYANZA,,34.65567846
NYAMIRA,Rural,125744,137457,263201,56063,337.9,165.92,137829.1338,1.093149574,NYANZA,,34.96346861
MANGA,Rural,41678,46181,87859,19295,111.32,173.33,46555.39813,1.108042612,NYANZA,,34.90211779
BORABU,Rural,34151,33461,67612,15615,246.55,63.33,33599.51551,0.979795614,NYANZA,,35.02803793
TURKANA CENTRAL,Rural,101846,102536,204382,31217,13990.49,2.23,102543.2797,1.006774935,RIFT VALLEY,,35.44299468
TURKANA NORTH,Rural,159941,142978,302919,40422,35091.54,1.15,142982.5578,0.893942141,RIFT VALLEY,,35.09717514
TURKANA SOUTH,Rural,121022,105357,226379,28437,18670.82,1.52,105363.4819,0.870560724,RIFT VALLEY,,35.99979492
WEST POKOT,Rural,68488,69879,138367,26209,2189.2,11.97,69910.28449,1.020310127,RIFT VALLEY,,35.16354392
POKOT NORTH,Rural,77959,78052,156011,25966,3953.21,6.57,78071.72043,1.001192935,RIFT VALLEY,,35.10600361
POKOT CENTRAL,Rural,87199,88417,175616,32548,2898.74,11.23,88447.08169,1.01396805,RIFT VALLEY,,35.49402215
SAMBURU CENTRAL,Rural,42524,44378,86902,18300,3924.43,4.66,44388.83571,1.043598909,RIFT VALLEY,,36.71442163
SAMBURU EAST,Rural,22641,23931,46572,9976,9783.15,1.02,23933.31429,1.056976282,RIFT VALLEY,,37.47389892
SAMBURU NORTH,Rural,27646,24163,51809,10051,7017.61,1.43,24166.93952,0.874014324,RIFT VALLEY,,36.83086912
TRANS NZOIA WEST,Rural,117754,121100,238854,47146,622.05,75.79,121289.2999,1.028415171,RIFT VALLEY,,34.89426897
TRANS NZOIA EAST,Rural,96596,98577,195173,39119,629.78,62.12,98730.38055,1.020508096,RIFT VALLEY,,35.18029104
KWANZA,Rural,108501,108809,217310,42605,1106.59,38.5,108907.0499,1.002838684,RIFT VALLEY,,34.85810469
BARINGO,Rural,65136,66242,131378,27309,2420.16,11.28,66268.91392,1.016979858,RIFT VALLEY,,35.97415916
BARINGO NORTH,Rural,46228,47561,93789,19734,1703.49,11.58,47588.13723,1.028835338,RIFT VALLEY,,35.80555092
EAST POKOT,Rural,69889,63300,133189,21291,4516.81,4.71,63315.47309,0.90572193,RIFT VALLEY,,36.01860317
KOIBATEK,Rural,68064,67590,135654,26523,2273.55,11.67,67619.93732,0.993035966,RIFT VALLEY,,35.86953085
ELDORET WEST,Rural,123499,123933,247432,47151,1018.49,46.3,124054.257,1.003514198,RIFT VALLEY,,35.19163187
ELDORET EAST,Rural,80374,80348,160722,30873,1182.97,26.1,80415.94255,0.999676512,RIFT VALLEY,,35.41893944
WARENG,Rural,70614,69852,140466,27773,832.61,33.36,69936.81042,0.989208939,RIFT VALLEY,,35.33850049
MARAKWET,Rural,89136,90322,179458,37581,1583.88,23.73,90378.27699,1.013305511,RIFT VALLEY,,35.50699822
KEIYO,Rural,68649,68705,137354,28369,1290,21.99,68758.21628,1.000815744,RIFT VALLEY,,35.57039657
NANDI NORTH,Rural,80199,80406,160605,31106,730.87,42.56,80515.73087,1.00258108,RIFT VALLEY,,35.06077368
NANDI CENTRAL,Rural,70344,72075,142419,28367,506.18,56.04,72213.97033,1.024607642,RIFT VALLEY,,35.08490348
NANDI EAST,Rural,57741,54897,112638,25598,528.57,48.43,55006.24002,0.950745571,RIFT VALLEY,,35.23779105
NANDI SOUTH,Rural,78209,79758,157967,30768,525.45,58.56,79906.84194,1.019805905,RIFT VALLEY,,34.96800793
TINDERET,Rural,39109,37946,77055,14489,379.67,38.16,38049.00788,0.970262599,RIFT VALLEY,,35.3167413
LAIKIPIA NORTH,Rural,16158,15181,31339,6360,2598.1,2.45,15187.21916,0.939534596,RIFT VALLEY,,36.99627658
LAIKIPIA EAST,Rural,47846,47497,95343,26516,2846.76,9.31,47513.80718,0.992705764,RIFT VALLEY,,36.95183375
LAIKIPIA WEST,Rural,85278,88150,173428,40973,3769.61,10.87,88172.6225,1.033678088,RIFT VALLEY,,36.5181069
NAKURU,Rural,74315,72848,147163,33709,1150.95,29.29,72912.5684,0.980259705,RIFT VALLEY,,36.03461164
NAKURU NORTH,Rural,68149,70909,139058,31938,526,60.72,71038.56084,1.040499494,RIFT VALLEY,,36.16401596
NAIVASHA,Rural,73424,73433,146857,36293,2201.08,16.49,73466.35817,1.000122576,RIFT VALLEY,,36.33344468
MOLO,Rural,219216,216006,435222,94283,2276.9,41.41,216102.2783,0.985356908,RIFT VALLEY,,35.75756717
NAROK NORTH,Rural,109966,103800,213766,42982,4639.41,9.26,103823.7026,0.943928123,RIFT VALLEY,,35.99464674
NAROK SOUTH,Rural,158947,158897,317844,62412,10412.05,5.99,158912.2657,0.99968543,RIFT VALLEY,,35.5807782
TRANS MARA,Rural,130323,130493,260816,47324,2845.99,16.63,130538.7918,1.001304451,RIFT VALLEY,,34.89742997
KAJIADO CENTRAL,Rural,63652,65373,129025,26352,8056.43,3.27,65380.90077,1.027037642,RIFT VALLEY,,36.89341002
LOITOKITOK,Rural,61472,61277,122749,25565,6389.1,4,61286.62139,0.996827824,RIFT VALLEY,,37.47875865
KERICHO,Rural,126197,122741,248938,53136,877.8,60.53,122884.7651,0.972614246,RIFT VALLEY,,35.21130866
KIPKELION,Rural,57546,55888,113434,23675,676.11,35.02,55973.11337,0.971188267,RIFT VALLEY,,35.47881562
BURET,Rural,142728,138653,281381,58138,1166.86,49.82,138775.318,0.97144919,RIFT VALLEY,,35.3033778
SOTIK,Rural,88445,91157,179602,33625,535.32,62.81,91322.21893,1.030663124,RIFT VALLEY,,35.1490337
BOMET,Rural,145925,152672,298597,56084,824.56,68.02,152848.9732,1.04623608,RIFT VALLEY,,35.31899335
KAJIADO NORTH,Rural,76387,74289,150676,34427,6973.34,4.94,74299.95415,0.972534594,RIFT VALLEY,,36.44660994
KAKAMEGA CENTRAL,Rural,98023,105490,203513,41352,370.93,111.48,105754.2628,1.076176,WESTERN,,34.6856109
KAKAMEGA SOUTH,Rural,49260,55409,104669,23144,143.56,161.21,55752.13179,1.124827446,WESTERN,,34.7077479
KAKAMEGA NORTH,Rural,97351,102925,200276,39404,423.8,92.98,103154.7098,1.057256731,WESTERN,,34.82641205
KAKAMEGA EAST,Rural,75699,81476,157175,33661,443.24,75.94,81646.78558,1.076315407,WESTERN,,34.85789384
LUGARI,Rural,131855,139845,271700,54680,641.62,85.22,140050.5033,1.060596868,WESTERN,,35.02947866
VIHIGA,Rural,45400,51135,96535,20645,103.69,199.1,51572.84357,1.126321586,WESTERN,,34.72682968
EMUHAYA,Rural,63402,72321,135723,31382,134.34,233.6,72792.95176,1.140673796,WESTERN,,34.60778185
HAMISI,Rural,70469,77790,148259,32096,156.43,205.18,78240.48264,1.103889654,WESTERN,,34.82143608
MUMIAS,Rural,115328,125744,241072,50730,428.68,118.34,126013.0305,1.090316315,WESTERN,,34.48762031
BUTERE,Rural,109084,120551,229635,51518,344.46,149.56,120867.6812,1.105120824,WESTERN,,34.54564535
BUNGOMA SOUTH,Rural,152157,161988,314145,61280,578.93,105.85,162250.8245,1.064610895,WESTERN,,34.52131934
BUNGOMA NORTH,Rural,108417,114156,222573,41915,420.75,99.62,114413.6756,1.052934503,WESTERN,,34.86452529
BUNGOMA EAST,Rural,81861,86202,168063,31961,327.26,97.66,86452.14056,1.053028915,WESTERN,,34.73645726
BUNGOMA WEST,Rural,102129,107157,209286,40157,387.85,103.54,107420.3209,1.049231854,WESTERN,,34.54143282
MT. ELGON,Rural,81232,81068,162300,30165,947.8,31.83,81153.70585,0.997981091,WESTERN,,34.59729929
BUSIA,Rural,134705,148809,283514,58210,650.11,89.54,149016.2034,1.104702869,WESTERN,,34.26474625
TESO NORTH,Rural,35403,37415,72818,13491,182.44,73.95,37609.05284,1.056831342,WESTERN,,34.34692124
SAMIA,Rural,44267,49233,93500,19395,265.12,73.16,49399.96967,1.11218289,WESTERN,,34.08114406
BUNYALA,Rural,28617,31545,60162,13535,185.33,73.03,31699.41105,1.102316805,WESTERN,,34.02046792
TESO SOUTH,Rural,53929,57833,111762,21346,277.54,76.91,58027.31073,1.072391478,WESTERN,,34.22063324
NAIROBI WEST,urban,352227,332538,684765,212295,261.78,2615.81,333883.5077,0.944101389,NAIROBI,,36.79920201
NAIROBI EAST,urban,582554,561862,1144416,369866,226.69,5048.46,564431.8266,0.964480546,NAIROBI,,36.967484
NAIROBI NORTH,urban,545701,516385,1062086,327428,109.26,9720.77,521379.5177,0.946278273,NAIROBI,,36.8911257
WESTLANDS,urban,124748,122354,247102,75427,97.38,2537.52,123635.0433,0.980809312,NAIROBI,,36.7882561
NYANDARUA NORTH,urban,45400,47255,92655,24094,367.44,252.16,47378.55759,1.040859031,CENTRAL,,36.42343108
NYANDARUA SOUTH,urban,8772,9091,17863,5346,10.54,1695.23,9923.258065,1.036365709,CENTRAL,,36.55651343
NYERI NORTH,urban,18698,20567,39265,14301,33.38,1176.36,21127.15578,1.099957215,CENTRAL,,36.9811441
NYERI SOUTH,urban,65047,65305,130352,40067,176.12,740.14,65674.33341,1.003966363,CENTRAL,,36.89927916
KIRINYAGA,urban,40136,43268,83404,27555,76.38,1092.01,43793.47787,1.078034682,CENTRAL,,37.32018369
MURANGA NORTH,urban,15489,16386,31875,10671,20.88,1526.66,17127.81034,1.057912067,CENTRAL,,36.98118146
MURANGA SOUTH,urban,54240,57151,111391,30464,262.39,424.53,57357.71519,1.053668879,CENTRAL,,37.05522802
KIAMBU EAST(KIAMBAA),urban,103028,105649,208677,62874,88.66,2353.76,106811.0573,1.025439686,CENTRAL,,36.80546766
KIKUYU,urban,129946,135061,265007,76794,231.28,1145.84,135622.8558,1.039362504,CENTRAL,,36.63360077
KIAMBU WEST,urban,39700,40431,80131,23077,84.31,950.47,40901.88127,1.018413098,CENTRAL,,36.62625892
LARI,urban,0,0,0,0,0,,,,CENTRAL,,36.67684469
GITHUNGURI,urban,9254,9866,19120,6049,6.88,2779.88,11211.05814,1.066133564,CENTRAL,,36.79433274
THIKA EAST,urban,1950,1520,3470,1215,14.85,233.62,1651.313131,0.779487179,CENTRAL,,37.23100647
THIKA WEST,urban,97615,96442,194057,64768,119.76,1620.35,97257.08851,0.987983404,CENTRAL,,37.04502993
RUIRU,urban,120550,120457,241007,75184,291.98,825.42,120869.8707,0.999228536,CENTRAL,,36.99460397
GATANGA,urban,1013,923,1936,547,5.28,366.68,1114.856061,0.911154985,CENTRAL,,36.88791928
MOMBASA,urban,268038,255145,523183,140535,126.24,4144.4,257268.2414,0.951898611,COAST,,39.6977
KILINDINI,urban,218886,197301,416187,128165,92.62,4493.4,199664.2693,0.901387023,COAST,,39.6365
KWALE,urban,9674,10206,19880,4053,83.32,238.59,10322.10658,1.054992764,COAST,,39.40753681
KINANGO,urban,3897,4092,7989,1610,38.67,206.59,4192.775795,1.050038491,COAST,,39.10335046
MSAMBWENI,urban,45490,44317,89807,23425,115.17,779.76,44711.98133,0.974214113,COAST,,39.16173404
KILIFI,urban,53269,54935,108204,28079,85.74,1262.03,55556.28528,1.031275226,COAST,,39.60114414
KALOLENI,urban,18196,18343,36539,9534,20.58,1775.86,19227.15938,1.008078699,COAST,,39.54477529
MALINDI,urban,70373,70366,140739,34626,95.25,1477.54,71104.82415,0.99990053,COAST,,39.74330931
TANA RIVER,urban,16622,16539,33161,7235,552.36,60.04,16569.09269,0.995006618,COAST,,39.34922935
TANA DELTA,urban,1484,1420,2904,644,0.99,2933.63,2918.989899,0.956873315,COAST,,39.51654731
LAMU,urban,10232,10006,20238,4793,14.66,1380.85,10703.95362,0.977912432,COAST,,40.74388079
TAITA,urban,22319,22105,44424,12796,34.65,1282.15,22749.12698,0.990411757,COAST,,38.56492447
TAVETA,urban,10048,9817,19865,5542,13.41,1481.06,10566.29157,0.97701035,COAST,,37.97519351
MARSABIT,urban,7525,7382,14907,3447,6.22,2395.55,8591.807074,0.980996678,EASTERN,,37.94495682
CHALBI,urban,0,0,0,0,0,,,,EASTERN,,37.36288736
LAISAMIS,urban,3110,3500,6610,1494,157.03,42.09,3519.805133,1.125401929,EASTERN,,37.48344825
MOYALE,urban,21459,21033,42492,6856,60.44,703.02,21388.04633,0.98014819,EASTERN,,38.80269655
ISIOLO,urban,26383,27257,53640,12718,39.37,1362.62,27927.12954,1.033127393,EASTERN,,38.46170147
GARBATULLA,urban,4451,4283,8734,1787,210.77,41.44,4304.117806,0.962255673,EASTERN,,38.65180184
MERU CENTRAL,urban,0,0,0,0,0,,,,EASTERN,,37.58330732
IMENTI NORTH,urban,33460,34428,67888,21881,24.77,2740.25,35778.82761,1.028930066,EASTERN,,37.43552549
IMENTI SOUTH,urban,6695,6591,13286,4404,4.12,3226.95,8216,0.984466019,EASTERN,,37.60133849
MERU SOUTH,urban,21266,22204,43470,12102,66.02,658.46,22526.11451,1.044107966,EASTERN,,37.67297626
MAARA,urban,16023,15971,31994,8642,56.71,564.2,16253.54276,0.996754665,EASTERN,,37.62522793
IGEMBE,urban,15008,15212,30220,8160,13.25,2279.95,16344.67925,1.013592751,EASTERN,,38.05720532
TIGANIA,urban,1806,1833,3639,954,2.06,1767.36,2709.699029,1.014950166,EASTERN,,37.77333779
THARAKA,urban,4196,4339,8535,2166,87.38,97.68,4387.020142,1.034080076,EASTERN,,38.01828449
EMBU,urban,39335,40875,80210,23965,95.46,840.22,41287.05741,1.039150883,EASTERN,,37.50475286
MBEERE,urban,1328,1383,2711,966,1.65,1647.92,2187.848485,1.041415663,EASTERN,,37.66541038
KITUI,urban,58808,61557,120365,27526,443.75,271.25,61689.52507,1.046745341,EASTERN,,38.30094003
MUTOMO,urban,616,880,1496,469,1.07,1398.65,1455.700935,1.428571429,EASTERN,,38.53912323
MWINGI,urban,8485,8618,17103,5522,7.24,2362.72,9789.961326,1.01567472,EASTERN,,38.36852014
KYUSO,urban,468,477,945,350,1.34,706.54,826.2537313,1.019230769,EASTERN,,38.27042885
MACHAKOS,urban,152083,141351,293434,84314,1410.98,207.96,141458.7854,0.92943327,EASTERN,,37.16409824
MWALA,urban,2608,2748,5356,1833,3.88,1381.02,3420.164948,1.053680982,EASTERN,,37.52391049
YATTA,urban,26350,27112,53462,13307,245.25,217.99,27219.44139,1.028918406,EASTERN,,37.60220541
KANGUNDO,urban,108232,110871,219103,50822,754.73,290.31,111014.4049,1.024382807,EASTERN,,37.27203719
MAKUENI,urban,34872,34696,69568,15463,460.97,150.92,34771.64917,0.994952971,EASTERN,,37.67253055
MBOONI,urban,791,752,1543,537,1.97,783.97,1153.522843,0.950695322,EASTERN,,37.60666503
KIBWEZI,urban,11256,11597,22853,7136,90.83,251.6,11720.92381,1.030294954,EASTERN,,38.02538524
NZAUI,urban,5449,4884,10333,3539,40.23,256.88,5019.446184,0.89631125,EASTERN,,37.41612392
GARISSA,urban,60469,56484,116953,20929,687.09,170.21,56572.00739,0.934098464,NORTH EASTERN,,39.56855753
LAGDERA,urban,6552,5754,12306,1849,14.98,821.53,6191.383178,0.878205128,NORTH EASTERN,,39.89717479
FAFI,urban,787,705,1492,326,49.43,30.18,720.9215052,0.895806861,NORTH EASTERN,,40.43908059
IJARA,urban,8383,7534,15917,2479,39.2,406,7747.852041,0.898723607,NORTH EASTERN,,40.73455516
WAJIR SOUTH,urban,4594,3906,8500,1474,55.58,152.93,3988.655632,0.850239443,NORTH EASTERN,,40.34314459
WAJIR NORTH,urban,0,0,0,0,0,,,,NORTH EASTERN,,39.5873795
WAJIR EAST,urban,43684,39116,82800,12689,139.25,594.6,39429.70916,0.895430821,NORTH EASTERN,,40.36685178
WAJIR WEST,urban,3022,2533,5555,659,21.28,261,2675.011278,0.838186631,NORTH EASTERN,,39.5240015
MANDERA CENTRAL,urban,40688,33063,73751,8209,75.98,970.71,33598.50934,0.812598309,NORTH EASTERN,,40.72748791
MANDERA EAST,urban,46022,41670,87692,12580,104.98,835.31,42108.38826,0.90543653,NORTH EASTERN,,41.29294811
MANDERA WEST,urban,13179,10946,24125,2526,14.63,1648.74,11846.82023,0.830563776,NORTH EASTERN,,40.2334622
SIAYA,urban,19458,21097,40555,10234,29.39,1379.78,21759.06193,1.084232706,NYANZA,,34.3043068
BONDO,urban,22645,24411,47056,11273,95.32,493.66,24648.56819,1.07798631,NYANZA,,34.19064437
RARIEDA,urban,1453,1563,3016,855,2.93,1027.81,2058.904437,1.075705437,NYANZA,,34.33792037
KISUMU EAST,urban,194585,195579,390164,97461,274.85,1419.53,196286.968,1.005108307,NYANZA,,34.80473358
KISUMU WEST,urban,3430,3502,6932,1384,6.46,1073.58,4032.959752,1.020991254,NYANZA,,34.53285818
NYANDO,urban,54956,55668,110624,25777,320.43,345.23,55839.50704,1.012955819,NYANZA,,35.02991504
HOMA BAY,urban,28325,30968,59293,13891,102.28,579.71,31244.93586,1.093309797,NYANZA,,34.44445584
SUBA,urban,8853,9497,18350,4915,5.31,3455.09,11164.23164,1.072743703,NYANZA,,34.20665004
RACHUONYO,urban,28642,31766,60408,13465,90.51,667.41,32082.45122,1.109070596,NYANZA,,34.70386182
MIGORI,urban,39902,42562,82464,18565,75.49,1092.39,43090.57332,1.066663325,NYANZA,,34.30280979
RONGO,urban,92095,98962,191057,41015,416.16,459.1,99183.2971,1.074564309,NYANZA,,34.51455638
KURIA WEST,urban,18924,19067,37991,6786,28.73,1322.5,19725.6843,1.007556542,NYANZA,,34.51983447
KURIA EAST,urban,0,0,0,0,0,,,,NYANZA,,34.65699509
KISII CENTRAL,urban,41520,41108,82628,20687,27,3060.39,42645.77778,0.990077071,NYANZA,,34.79181187
KISII SOUTH,urban,28609,31037,59646,12694,48.58,1227.69,31625.9049,1.084868398,NYANZA,,34.6895693
MASABA,urban,42737,47623,90360,19665,110.06,820.98,48011.30638,1.114327164,NYANZA,,34.88253143
GUCHA,urban,12788,13555,26343,6197,17.72,1486.71,14276.67043,1.059978104,NYANZA,,34.77186075
GUCHA SOUTH,urban,6108,6634,12742,2814,11.63,1095.85,7159.193465,1.086116568,NYANZA,,34.65567846
NYAMIRA,urban,30064,32425,62489,13876,60.35,1035.47,32923.16073,1.078532464,NYANZA,,34.96346861
MANGA,urban,0,0,0,0,0,,,,NYANZA,,34.90211779
BORABU,urban,2928,2886,5814,1536,1.71,3402.19,4598.280702,0.985655738,NYANZA,,35.02803793
TURKANA CENTRAL,urban,24693,25531,50224,9903,600.17,83.68,25572.14334,1.033936743,RIFT VALLEY,,35.44299468
TURKANA NORTH,urban,37567,33928,71495,13212,327.27,218.46,34042.78901,0.903133069,RIFT VALLEY,,35.09717514
TURKANA SOUTH,urban,0,0,0,0,0,,,,RIFT VALLEY,,35.99979492
WEST POKOT,urban,21181,21515,42696,9054,128.26,332.88,21680.14112,1.015768849,RIFT VALLEY,,35.16354392
POKOT NORTH,urban,0,0,0,0,0,,,,RIFT VALLEY,,35.10600361
POKOT CENTRAL,urban,0,0,0,0,0,,,,RIFT VALLEY,,35.49402215
SAMBURU CENTRAL,urban,9001,9149,18150,4520,13.02,1393.98,9840.321045,1.016442617,RIFT VALLEY,,36.71442163
SAMBURU EAST,urban,6370,6152,12522,2859,266.51,46.99,6175.901542,0.96577708,RIFT VALLEY,,37.47389892
SAMBURU NORTH,urban,3825,4167,7992,1648,17.44,458.18,4386.323394,1.089411765,RIFT VALLEY,,36.83086912
TRANS NZOIA WEST,urban,74784,73728,148512,37131,123.42,1203.3,74333.93097,0.985879332,RIFT VALLEY,,34.89426897
TRANS NZOIA EAST,urban,0,0,0,0,0,,,,RIFT VALLEY,,35.18029104
KWANZA,urban,9537,9371,18908,4116,13.68,1382.59,10068.14912,0.982594107,RIFT VALLEY,,34.85810469
BARINGO,urban,14776,16197,30973,7629,57.78,536.06,16452.72863,1.096169464,RIFT VALLEY,,35.97415916
BARINGO NORTH,urban,0,0,0,0,0,,,,RIFT VALLEY,,35.80555092
EAST POKOT,urban,0,0,0,0,0,,,,RIFT VALLEY,,36.01860317
KOIBATEK,urban,14988,15590,30578,8163,43.54,702.35,15934.23519,1.040165466,RIFT VALLEY,,35.86953085
ELDORET WEST,urban,72733,71490,144223,41805,72.27,1995.68,72496.40653,0.982910096,RIFT VALLEY,,35.19163187
ELDORET EAST,urban,40478,40251,80729,20596,74.04,1090.3,40797.70448,0.994392015,RIFT VALLEY,,35.41893944
WARENG,urban,61296,59311,120607,34093,164.83,731.7,59682.87405,0.967616158,RIFT VALLEY,,35.33850049
MARAKWET,urban,3753,3912,7665,1916,5.04,1520.83,4656.642857,1.042366107,RIFT VALLEY,,35.50699822
KEIYO,urban,22200,23321,45521,9689,150.86,301.74,23468.1563,1.050495495,RIFT VALLEY,,35.57039657
NANDI NORTH,urban,1885,1940,3825,980,6.68,572.59,2222.185629,1.029177719,RIFT VALLEY,,35.06077368
NANDI CENTRAL,urban,44049,44586,88635,19992,198.27,447.04,44808.16674,1.012190969,RIFT VALLEY,,35.08490348
NANDI EAST,urban,4952,4869,9821,2773,8.49,1156.69,5452.274441,0.983239095,RIFT VALLEY,,35.23779105
NANDI SOUTH,urban,0,0,0,0,0,,,,RIFT VALLEY,,34.96800793
TINDERET,urban,0,0,0,0,0,,,,RIFT VALLEY,,35.3167413
LAIKIPIA NORTH,urban,770,653,1423,373,2.07,689.04,1024.980676,0.848051948,RIFT VALLEY,,36.99627658
LAIKIPIA EAST,urban,23802,22889,46691,14160,123.62,377.71,23081.54166,0.961641879,RIFT VALLEY,,36.95183375
LAIKIPIA WEST,urban,24771,26232,51003,14732,121.76,418.89,26435.4412,1.058980259,RIFT VALLEY,,36.5181069
NAKURU,urban,164915,161210,326125,96132,344.33,947.12,161688.9446,0.977533881,RIFT VALLEY,,36.03461164
NAKURU NORTH,urban,35167,37466,72633,19286,67.31,1079.06,37988.46323,1.065373788,RIFT VALLEY,,36.16401596
NAIVASHA,urban,116658,112728,229386,69025,833.54,275.2,112867.9549,0.966311783,RIFT VALLEY,,36.33344468
MOLO,urban,52738,54143,106881,29170,94.97,1125.37,54698.3122,1.026641132,RIFT VALLEY,,35.75756717
NAROK NORTH,urban,22945,21833,44778,12903,23.26,1924.83,22819.45744,0.951536282,RIFT VALLEY,,35.99464674
NAROK SOUTH,urban,0,0,0,0,0,,,,RIFT VALLEY,,35.5807782
TRANS MARA,urban,6845,6871,13716,3599,12.34,1111.61,7425.700162,1.003798393,RIFT VALLEY,,34.89742997
KAJIADO CENTRAL,urban,16702,16551,33253,9051,32.61,1019.63,17063.17418,0.990959167,RIFT VALLEY,,36.89341002
LOITOKITOK,urban,7365,7382,14747,4138,21.9,673.27,7718.30137,1.002308215,RIFT VALLEY,,37.47875865
KERICHO,urban,68811,66351,135162,32135,172.78,782.29,66749.2579,0.964249902,RIFT VALLEY,,35.21130866
KIPKELION,urban,46323,46833,93156,18635,431.21,216.03,46940.42562,1.01100965,RIFT VALLEY,,35.47881562
BURET,urban,12458,12924,25382,5518,33.2,764.42,13299.24096,1.037405683,RIFT VALLEY,,35.3033778
SOTIK,urban,4337,4029,8366,2311,5.45,1536.43,4824.779817,0.928983168,RIFT VALLEY,,35.1490337
BOMET,urban,48937,49570,98507,19238,227.01,433.93,49785.572,1.012934998,RIFT VALLEY,,35.31899335
KAJIADO NORTH,urban,119568,117294,236862,73931,427.58,553.96,117573.6389,0.980981534,RIFT VALLEY,,36.44660994
KAKAMEGA CENTRAL,urban,47257,46624,93881,23769,48.73,1926.62,47593.77221,0.986605159,WESTERN,,34.6856109
KAKAMEGA SOUTH,urban,0,0,0,0,0,,,,WESTERN,,34.7077479
KAKAMEGA NORTH,urban,2365,2525,4890,1231,3.59,1362.69,3183.774373,1.067653277,WESTERN,,34.82641205
KAKAMEGA EAST,urban,1110,1190,2300,516,2.21,1042.28,1692.262443,1.072072072,WESTERN,,34.85789384
LUGARI,urban,9968,10483,20451,4796,27.24,750.78,10848.93245,1.051665329,WESTERN,,35.02947866
VIHIGA,urban,59711,65048,124759,27576,97.32,1282.01,65661.55323,1.089380516,WESTERN,,34.72682968
EMUHAYA,urban,23734,25612,49346,11648,39.12,1261.43,26218.69734,1.079126991,WESTERN,,34.60778185
HAMISI,urban,0,0,0,0,0,,,,WESTERN,,34.82143608
MUMIAS,urban,57691,60618,118309,27955,161.54,732.36,60975.13136,1.050735817,WESTERN,,34.48762031
BUTERE,urban,5998,6782,12780,2923,11.64,1098.08,7297.292096,1.130710237,WESTERN,,34.54564535
BUNGOMA SOUTH,urban,46556,47897,94453,22015,87.42,1080.5,48429.55548,1.028804021,WESTERN,,34.52131934
BUNGOMA NORTH,urban,47354,50373,97727,19571,138.78,704.18,50714.21631,1.063753854,WESTERN,,34.86452529
BUNGOMA EAST,urban,30516,31674,62190,13973,77,807.7,32070.31169,1.037947306,WESTERN,,34.73645726
BUNGOMA WEST,urban,16439,17810,34249,7491,57.61,594.47,18095.34977,1.083399234,WESTERN,,34.54143282
MT. ELGON,urban,4887,5190,10077,2296,8.75,1151.58,5748.514286,1.062001228,WESTERN,,34.59729929
BUSIA,urban,21385,22953,44338,10571,30.9,1434.66,23645.0712,1.073322422,WESTERN,,34.26474625
TESO NORTH,urban,22015,23114,45129,9941,78.56,574.48,23394.23167,1.049920509,WESTERN,,34.34692124
SAMIA,urban,0,0,0,0,0,,,,WESTERN,,34.08114406
BUNYALA,urban,3101,3460,6561,1710,2.96,2217,4507.635135,1.115769107,WESTERN,,34.02046792
TESO SOUTH,urban,12700,13462,26162,6026,22.07,1185.36,14037.44178,1.06,WESTERN,,34.22063324
