COUNTY,Class,Number,Gender,Year,County (Centroids)
Baringo        ,Class 1,10356,Boys,12/31/2014 12:00:00 AM,"(0.6692519803, 35.9464653527) "
Baringo        ,Class 1,9281,Girls,12/31/2014 12:00:00 AM,"(0.6692519803, 35.9464653527) "
Bomet          ,Class 1,15313,Girls,12/31/2014 12:00:00 AM,"(-0.7262945834, 35.2985975867)"
Bomet          ,Class 1,16480,Boys,12/31/2014 12:00:00 AM,"(-0.7262945834, 35.2985975867)"
Bungoma        ,Class 1,33985,Boys,12/31/2014 12:00:00 AM,"(0.7492852396, 34.6404608756) "
Bungoma        ,Class 1,34329,Girls,12/31/2014 12:00:00 AM,"(0.7492852396, 34.6404608756) "
Busia          ,Class 1,18428,Girls,12/31/2014 12:00:00 AM,"(0.3874436775, 34.1936314884) "
Busia          ,Class 1,18613,Boys,12/31/2014 12:00:00 AM,"(0.3874436775, 34.1936314884) "
Elgeyo Marakwet,Class 1,8071,Boys,12/31/2014 12:00:00 AM,"(0.8022188109, 35.5365631474) "
Elgeyo Marakwet,Class 1,7496,Girls,12/31/2014 12:00:00 AM,"(0.8022188109, 35.5365631474) "
Embu           ,Class 1,7148,Girls,12/31/2014 12:00:00 AM,"(-0.6039743776, 37.6265013265)"
Embu           ,Class 1,7815,Boys,12/31/2014 12:00:00 AM,"(-0.6039743776, 37.6265013265)"
Garissa        ,Class 1,15781,Boys,12/31/2014 12:00:00 AM,"(-0.4889103448, 40.1992785378)"
Garissa        ,Class 1,11744,Girls,12/31/2014 12:00:00 AM,"(-0.4889103448, 40.1992785378)"
Homa Bay       ,Class 1,21892,Girls,12/31/2014 12:00:00 AM,"(-0.5428093942, 34.3589968687)"
Homa Bay       ,Class 1,22084,Boys,12/31/2014 12:00:00 AM,"(-0.5428093942, 34.3589968687)"
Isiolo         ,Class 1,2989,Boys,12/31/2014 12:00:00 AM,"(1.0104430775, 38.5421531206) "
Isiolo         ,Class 1,2878,Girls,12/31/2014 12:00:00 AM,"(1.0104430775, 38.5421531206) "
Kajiado        ,Class 1,10588,Girls,12/31/2014 12:00:00 AM,"(-2.1213835779, 36.908842193) "
Kajiado        ,Class 1,10851,Boys,12/31/2014 12:00:00 AM,"(-2.1213835779, 36.908842193) "
Kakamega       ,Class 1,39007,Boys,12/31/2014 12:00:00 AM,"(0.403683464, 34.744511153)   "
Kakamega       ,Class 1,38572,Girls,12/31/2014 12:00:00 AM,"(0.403683464, 34.744511153)   "
Kericho        ,Class 1,14966,Girls,12/31/2014 12:00:00 AM,"(-0.295732906, 35.3140700086) "
Kericho        ,Class 1,16138,Boys,12/31/2014 12:00:00 AM,"(-0.295732906, 35.3140700086) "
Kiambu         ,Class 1,19582,Boys,12/31/2014 12:00:00 AM,"(-1.068706066, 36.8235642579) "
Kiambu         ,Class 1,18751,Girls,12/31/2014 12:00:00 AM,"(-1.068706066, 36.8235642579) "
Kilifi         ,Class 1,19667,Girls,12/31/2014 12:00:00 AM,"(-3.1757320132, 39.6866875507)"
Kilifi         ,Class 1,21029,Boys,12/31/2014 12:00:00 AM,"(-3.1757320132, 39.6866875507)"
Kirinyaga      ,Class 1,7057,Boys,12/31/2014 12:00:00 AM,"(-0.5247462962, 37.3198681093)"
Kirinyaga      ,Class 1,6448,Girls,12/31/2014 12:00:00 AM,"(-0.5247462962, 37.3198681093)"
Kisii          ,Class 1,21503,Girls,12/31/2014 12:00:00 AM,"(-0.7746037572, 34.7747229835)"
Kisii          ,Class 1,22266,Boys,12/31/2014 12:00:00 AM,"(-0.7746037572, 34.7747229835)"
Kisumu         ,Class 1,18220,Boys,12/31/2014 12:00:00 AM,"(-0.1694586948, 34.835203466) "
Kisumu         ,Class 1,17860,Girls,12/31/2014 12:00:00 AM,"(-0.1694586948, 34.835203466) "
Kitui          ,Class 1,23200,Girls,12/31/2014 12:00:00 AM,"(-1.4910385308, 38.4069210158)"
Kitui          ,Class 1,24323,Boys,12/31/2014 12:00:00 AM,"(-1.4910385308, 38.4069210158)"
Kwale          ,Class 1,13915,Boys,12/31/2014 12:00:00 AM,"(-4.1831495272, 39.1904119005)"
Kwale          ,Class 1,13086,Girls,12/31/2014 12:00:00 AM,"(-4.1831495272, 39.1904119005)"
Laikipia       ,Class 1,6190,Girls,12/31/2014 12:00:00 AM,"(0.3236041225, 36.7717278588) "
Laikipia       ,Class 1,6479,Boys,12/31/2014 12:00:00 AM,"(0.3236041225, 36.7717278588) "
Lamu           ,Class 1,2267,Boys,12/31/2014 12:00:00 AM,"(-2.0786825436, 40.882860682) "
Lamu           ,Class 1,1939,Girls,12/31/2014 12:00:00 AM,"(-2.0786825436, 40.882860682) "
Machakos       ,Class 1,17703,Girls,12/31/2014 12:00:00 AM,"(-1.2795123066, 37.4126760329)"
Machakos       ,Class 1,18818,Boys,12/31/2014 12:00:00 AM,"(-1.2795123066, 37.4126760329)"
Makueni        ,Class 1,19147,Boys,12/31/2014 12:00:00 AM,"(-2.1576841001, 37.7882455725)"
Makueni        ,Class 1,17482,Girls,12/31/2014 12:00:00 AM,"(-2.1576841001, 37.7882455725)"
Mandera        ,Class 1,6446,Girls,12/31/2014 12:00:00 AM,"(3.436469488, 40.7388101667)  "
Mandera        ,Class 1,10761,Boys,12/31/2014 12:00:00 AM,"(3.436469488, 40.7388101667)  "
Marsabit       ,Class 1,5239,Boys,12/31/2014 12:00:00 AM,"(2.9786587865, 37.5695361088) "
Marsabit       ,Class 1,4785,Girls,12/31/2014 12:00:00 AM,"(2.9786587865, 37.5695361088) "
Meru           ,Class 1,24044,Girls,12/31/2014 12:00:00 AM,"(0.1667792413, 37.7640370542) "
Meru           ,Class 1,24920,Boys,12/31/2014 12:00:00 AM,"(0.1667792413, 37.7640370542) "
Migori         ,Class 1,21378,Boys,12/31/2014 12:00:00 AM,"(-0.9895368437, 34.3633453076)"
Migori         ,Class 1,21165,Girls,12/31/2014 12:00:00 AM,"(-0.9895368437, 34.3633453076)"
Mombasa        ,Class 1,8555,Girls,12/31/2014 12:00:00 AM,"(-4.0212562197, 39.6508827026)"
Mombasa        ,Class 1,8517,Boys,12/31/2014 12:00:00 AM,"(-4.0212562197, 39.6508827026)"
Muranga        ,Class 1,13073,Boys,12/31/2014 12:00:00 AM,"(-0.8095905365, 37.0327225233)"
Muranga        ,Class 1,12029,Girls,12/31/2014 12:00:00 AM,"(-0.8095905365, 37.0327225233)"
Nairobi        ,Class 1,30895,Girls,12/31/2014 12:00:00 AM,"(-1.2934134703, 36.8681892682)"
Nairobi        ,Class 1,30231,Boys,12/31/2014 12:00:00 AM,"(-1.2934134703, 36.8681892682)"
Nakuru         ,Class 1,29052,Boys,12/31/2014 12:00:00 AM,"(-0.4636754317, 36.0784790942)"
Nakuru         ,Class 1,27163,Girls,12/31/2014 12:00:00 AM,"(-0.4636754317, 36.0784790942)"
Nandi          ,Class 1,15717,Girls,12/31/2014 12:00:00 AM,"(0.1866888869, 35.1104876664) "
Nandi          ,Class 1,16667,Boys,12/31/2014 12:00:00 AM,"(0.1866888869, 35.1104876664) "
Narok          ,Class 1,19795,Boys,12/31/2014 12:00:00 AM,"(-1.2547903321, 35.5763292139)"
Narok          ,Class 1,18075,Girls,12/31/2014 12:00:00 AM,"(-1.2547903321, 35.5763292139)"
Nyamira        ,Class 1,10060,Girls,12/31/2014 12:00:00 AM,"(-0.6427324001, 34.9646595611)"
Nyamira        ,Class 1,10379,Boys,12/31/2014 12:00:00 AM,"(-0.6427324001, 34.9646595611)"
Nyandarua      ,Class 1,9257,Boys,12/31/2014 12:00:00 AM,"(-0.3220778225, 36.482869161) "
Nyandarua      ,Class 1,8403,Girls,12/31/2014 12:00:00 AM,"(-0.3220778225, 36.482869161) "
Nyeri          ,Class 1,7746,Girls,12/31/2014 12:00:00 AM,"(-0.3429235894, 36.9564781346)"
Nyeri          ,Class 1,8631,Boys,12/31/2014 12:00:00 AM,"(-0.3429235894, 36.9564781346)"
Samburu        ,Class 1,4524,Boys,12/31/2014 12:00:00 AM,"(1.3168546261, 37.118394067)  "
Samburu        ,Class 1,3871,Girls,12/31/2014 12:00:00 AM,"(1.3168546261, 37.118394067)  "
Siaya          ,Class 1,17788,Girls,12/31/2014 12:00:00 AM,"(-0.0621298886, 34.2476417045)"
Siaya          ,Class 1,18293,Boys,12/31/2014 12:00:00 AM,"(-0.0621298886, 34.2476417045)"
Taita Taveta   ,Class 1,4492,Boys,12/31/2014 12:00:00 AM,"(-3.4347339937, 38.4186020033)"
Taita Taveta   ,Class 1,4193,Girls,12/31/2014 12:00:00 AM,"(-3.4347339937, 38.4186020033)"
Tana River     ,Class 1,3924,Girls,12/31/2014 12:00:00 AM,"(-1.5263666043, 39.4178692029)"
Tana River     ,Class 1,4347,Boys,12/31/2014 12:00:00 AM,"(-1.5263666043, 39.4178692029)"
Tharaka-Nithi  ,Class 1,7073,Boys,12/31/2014 12:00:00 AM,"(-0.2070612179, 37.8702972709)"
Tharaka-Nithi  ,Class 1,6704,Girls,12/31/2014 12:00:00 AM,"(-0.2070612179, 37.8702972709)"
Trans Nzoia    ,Class 1,16225,Girls,12/31/2014 12:00:00 AM,"(1.0509548086, 34.9574199775) "
Trans Nzoia    ,Class 1,16326,Boys,12/31/2014 12:00:00 AM,"(1.0509548086, 34.9574199775) "
Turkana        ,Class 1,26444,Boys,12/31/2014 12:00:00 AM,"(3.4248491959, 35.4357584553) "
Turkana        ,Class 1,22406,Girls,12/31/2014 12:00:00 AM,"(3.4248491959, 35.4357584553) "
Uasin Gishu    ,Class 1,12087,Girls,12/31/2014 12:00:00 AM,"(0.5260858915, 35.3220116672) "
Uasin Gishu    ,Class 1,12407,Boys,12/31/2014 12:00:00 AM,"(0.5260858915, 35.3220116672) "
Vihiga         ,Class 1,12679,Boys,12/31/2014 12:00:00 AM,"(0.0762657959, 34.7223230361) "
Vihiga         ,Class 1,12358,Girls,12/31/2014 12:00:00 AM,"(0.0762657959, 34.7223230361) "
Wajir          ,Class 1,5475,Girls,12/31/2014 12:00:00 AM,"(1.8081376238, 40.0349856396) "
Wajir          ,Class 1,7648,Boys,12/31/2014 12:00:00 AM,"(1.8081376238, 40.0349856396) "
West Pokot     ,Class 1,14725,Boys,12/31/2014 12:00:00 AM,"(1.7401061713, 35.2438468092) "
Baringo        ,Class 2,9431,Boys,12/31/2014 12:00:00 AM,"(0.6692519803, 35.9464653527) "
Bomet          ,Class 2,15837,Boys,12/31/2014 12:00:00 AM,"(-0.7262945834, 35.2985975867)"
Bungoma        ,Class 2,33855,Boys,12/31/2014 12:00:00 AM,"(0.7492852396, 34.6404608756) "
Busia          ,Class 2,17737,Boys,12/31/2014 12:00:00 AM,"(0.3874436775, 34.1936314884) "
Elgeyo Marakwet,Class 2,7664,Boys,12/31/2014 12:00:00 AM,"(0.8022188109, 35.5365631474) "
Embu           ,Class 2,7950,Boys,12/31/2014 12:00:00 AM,"(-0.6039743776, 37.6265013265)"
Garissa        ,Class 2,14085,Boys,12/31/2014 12:00:00 AM,"(-0.4889103448, 40.1992785378)"
Homa Bay       ,Class 2,22183,Boys,12/31/2014 12:00:00 AM,"(-0.5428093942, 34.3589968687)"
Isiolo         ,Class 2,2635,Boys,12/31/2014 12:00:00 AM,"(1.0104430775, 38.5421531206) "
Kajiado        ,Class 2,10762,Boys,12/31/2014 12:00:00 AM,"(-2.1213835779, 36.908842193) "
Kakamega       ,Class 2,38554,Boys,12/31/2014 12:00:00 AM,"(0.403683464, 34.744511153)   "
Kericho        ,Class 2,15688,Boys,12/31/2014 12:00:00 AM,"(-0.295732906, 35.3140700086) "
Kiambu         ,Class 2,19802,Boys,12/31/2014 12:00:00 AM,"(-1.068706066, 36.8235642579) "
Kilifi         ,Class 2,20031,Boys,12/31/2014 12:00:00 AM,"(-3.1757320132, 39.6866875507)"
Kirinyaga      ,Class 2,7013,Boys,12/31/2014 12:00:00 AM,"(-0.5247462962, 37.3198681093)"
Kisii          ,Class 2,21425,Boys,12/31/2014 12:00:00 AM,"(-0.7746037572, 34.7747229835)"
Kisumu         ,Class 2,17512,Boys,12/31/2014 12:00:00 AM,"(-0.1694586948, 34.835203466) "
Kitui          ,Class 2,23013,Boys,12/31/2014 12:00:00 AM,"(-1.4910385308, 38.4069210158)"
Kwale          ,Class 2,12533,Boys,12/31/2014 12:00:00 AM,"(-4.1831495272, 39.1904119005)"
Laikipia       ,Class 2,6468,Boys,12/31/2014 12:00:00 AM,"(0.3236041225, 36.7717278588) "
Lamu           ,Class 2,1960,Boys,12/31/2014 12:00:00 AM,"(-2.0786825436, 40.882860682) "
Machakos       ,Class 2,18571,Boys,12/31/2014 12:00:00 AM,"(-1.2795123066, 37.4126760329)"
Makueni        ,Class 2,17621,Boys,12/31/2014 12:00:00 AM,"(-2.1576841001, 37.7882455725)"
Mandera        ,Class 2,9625,Boys,12/31/2014 12:00:00 AM,"(3.436469488, 40.7388101667)  "
Marsabit       ,Class 2,4618,Boys,12/31/2014 12:00:00 AM,"(2.9786587865, 37.5695361088) "
Meru           ,Class 2,23079,Boys,12/31/2014 12:00:00 AM,"(0.1667792413, 37.7640370542) "
Migori         ,Class 2,21210,Boys,12/31/2014 12:00:00 AM,"(-0.9895368437, 34.3633453076)"
Mombasa        ,Class 2,8686,Boys,12/31/2014 12:00:00 AM,"(-4.0212562197, 39.6508827026)"
Muranga        ,Class 2,12667,Boys,12/31/2014 12:00:00 AM,"(-0.8095905365, 37.0327225233)"
Nairobi        ,Class 2,30329,Boys,12/31/2014 12:00:00 AM,"(-1.2934134703, 36.8681892682)"
Nakuru         ,Class 2,28577,Boys,12/31/2014 12:00:00 AM,"(-0.4636754317, 36.0784790942)"
Nandi          ,Class 2,16105,Boys,12/31/2014 12:00:00 AM,"(0.1866888869, 35.1104876664) "
Narok          ,Class 2,18712,Boys,12/31/2014 12:00:00 AM,"(-1.2547903321, 35.5763292139)"
Nyamira        ,Class 2,9746,Boys,12/31/2014 12:00:00 AM,"(-0.6427324001, 34.9646595611)"
Nyandarua      ,Class 2,9344,Boys,12/31/2014 12:00:00 AM,"(-0.3220778225, 36.482869161) "
Nyeri          ,Class 2,8297,Boys,12/31/2014 12:00:00 AM,"(-0.3429235894, 36.9564781346)"
Samburu        ,Class 2,3882,Boys,12/31/2014 12:00:00 AM,"(1.3168546261, 37.118394067)  "
Siaya          ,Class 2,17424,Boys,12/31/2014 12:00:00 AM,"(-0.0621298886, 34.2476417045)"
Taita Taveta   ,Class 2,4415,Boys,12/31/2014 12:00:00 AM,"(-3.4347339937, 38.4186020033)"
Tana River     ,Class 2,3612,Boys,12/31/2014 12:00:00 AM,"(-1.5263666043, 39.4178692029)"
Tharaka-Nithi  ,Class 2,6341,Boys,12/31/2014 12:00:00 AM,"(-0.2070612179, 37.8702972709)"
Trans Nzoia    ,Class 2,16307,Boys,12/31/2014 12:00:00 AM,"(1.0509548086, 34.9574199775) "
Turkana        ,Class 2,19951,Boys,12/31/2014 12:00:00 AM,"(3.4248491959, 35.4357584553) "
Uasin Gishu    ,Class 2,12558,Boys,12/31/2014 12:00:00 AM,"(0.5260858915, 35.3220116672) "
Vihiga         ,Class 2,12286,Boys,12/31/2014 12:00:00 AM,"(0.0762657959, 34.7223230361) "
Wajir          ,Class 2,6776,Boys,12/31/2014 12:00:00 AM,"(1.8081376238, 40.0349856396) "
West Pokot     ,Class 2,13015,Boys,12/31/2014 12:00:00 AM,"(1.7401061713, 35.2438468092) "
Baringo        ,Class 3,9313,Boys,12/31/2014 12:00:00 AM,"(0.6692519803, 35.9464653527) "
Bomet          ,Class 3,15648,Boys,12/31/2014 12:00:00 AM,"(-0.7262945834, 35.2985975867)"
Bungoma        ,Class 3,34695,Boys,12/31/2014 12:00:00 AM,"(0.7492852396, 34.6404608756) "
Busia          ,Class 3,17574,Boys,12/31/2014 12:00:00 AM,"(0.3874436775, 34.1936314884) "
Elgeyo Marakwet,Class 3,7519,Boys,12/31/2014 12:00:00 AM,"(0.8022188109, 35.5365631474) "
Embu           ,Class 3,8110,Boys,12/31/2014 12:00:00 AM,"(-0.6039743776, 37.6265013265)"
Garissa        ,Class 3,11887,Boys,12/31/2014 12:00:00 AM,"(-0.4889103448, 40.1992785378)"
Homa Bay       ,Class 3,21831,Boys,12/31/2014 12:00:00 AM,"(-0.5428093942, 34.3589968687)"
Isiolo         ,Class 3,2506,Boys,12/31/2014 12:00:00 AM,"(1.0104430775, 38.5421531206) "
Kajiado        ,Class 3,10925,Boys,12/31/2014 12:00:00 AM,"(-2.1213835779, 36.908842193) "
Kakamega       ,Class 3,38719,Boys,12/31/2014 12:00:00 AM,"(0.403683464, 34.744511153)   "
Kericho        ,Class 3,15383,Boys,12/31/2014 12:00:00 AM,"(-0.295732906, 35.3140700086) "
Kiambu         ,Class 3,20452,Boys,12/31/2014 12:00:00 AM,"(-1.068706066, 36.8235642579) "
Kilifi         ,Class 3,20257,Boys,12/31/2014 12:00:00 AM,"(-3.1757320132, 39.6866875507)"
Kirinyaga      ,Class 3,7177,Boys,12/31/2014 12:00:00 AM,"(-0.5247462962, 37.3198681093)"
Kisii          ,Class 3,21623,Boys,12/31/2014 12:00:00 AM,"(-0.7746037572, 34.7747229835)"
Kisumu         ,Class 3,17614,Boys,12/31/2014 12:00:00 AM,"(-0.1694586948, 34.835203466) "
Kitui          ,Class 3,23230,Boys,12/31/2014 12:00:00 AM,"(-1.4910385308, 38.4069210158)"
Kwale          ,Class 3,12173,Boys,12/31/2014 12:00:00 AM,"(-4.1831495272, 39.1904119005)"
Laikipia       ,Class 3,6568,Boys,12/31/2014 12:00:00 AM,"(0.3236041225, 36.7717278588) "
Lamu           ,Class 3,1780,Boys,12/31/2014 12:00:00 AM,"(-2.0786825436, 40.882860682) "
Machakos       ,Class 3,18987,Boys,12/31/2014 12:00:00 AM,"(-1.2795123066, 37.4126760329)"
Makueni        ,Class 3,17434,Boys,12/31/2014 12:00:00 AM,"(-2.1576841001, 37.7882455725)"
Mandera        ,Class 3,9154,Boys,12/31/2014 12:00:00 AM,"(3.436469488, 40.7388101667)  "
Marsabit       ,Class 3,4409,Boys,12/31/2014 12:00:00 AM,"(2.9786587865, 37.5695361088) "
Meru           ,Class 3,22840,Boys,12/31/2014 12:00:00 AM,"(0.1667792413, 37.7640370542) "
Migori         ,Class 3,21210,Boys,12/31/2014 12:00:00 AM,"(-0.9895368437, 34.3633453076)"
Mombasa        ,Class 3,9049,Boys,12/31/2014 12:00:00 AM,"(-4.0212562197, 39.6508827026)"
Muranga        ,Class 3,12523,Boys,12/31/2014 12:00:00 AM,"(-0.8095905365, 37.0327225233)"
Nairobi        ,Class 3,30921,Boys,12/31/2014 12:00:00 AM,"(-1.2934134703, 36.8681892682)"
Nakuru         ,Class 3,28557,Boys,12/31/2014 12:00:00 AM,"(-0.4636754317, 36.0784790942)"
Nandi          ,Class 3,15785,Boys,12/31/2014 12:00:00 AM,"(0.1866888869, 35.1104876664) "
Narok          ,Class 3,18559,Boys,12/31/2014 12:00:00 AM,"(-1.2547903321, 35.5763292139)"
Nyamira        ,Class 3,9754,Boys,12/31/2014 12:00:00 AM,"(-0.6427324001, 34.9646595611)"
Nyandarua      ,Class 3,9716,Boys,12/31/2014 12:00:00 AM,"(-0.3220778225, 36.482869161) "
Nyeri          ,Class 3,8960,Boys,12/31/2014 12:00:00 AM,"(-0.3429235894, 36.9564781346)"
Samburu        ,Class 3,3943,Boys,12/31/2014 12:00:00 AM,"(1.3168546261, 37.118394067)  "
Siaya          ,Class 3,17231,Boys,12/31/2014 12:00:00 AM,"(-0.0621298886, 34.2476417045)"
Taita Taveta   ,Class 3,4414,Boys,12/31/2014 12:00:00 AM,"(-3.4347339937, 38.4186020033)"
Tana River     ,Class 3,3721,Boys,12/31/2014 12:00:00 AM,"(-1.5263666043, 39.4178692029)"
Tharaka-Nithi  ,Class 3,6464,Boys,12/31/2014 12:00:00 AM,"(-0.2070612179, 37.8702972709)"
Trans Nzoia    ,Class 3,16223,Boys,12/31/2014 12:00:00 AM,"(1.0509548086, 34.9574199775) "
Turkana        ,Class 3,17556,Boys,12/31/2014 12:00:00 AM,"(3.4248491959, 35.4357584553) "
Uasin Gishu    ,Class 3,12506,Boys,12/31/2014 12:00:00 AM,"(0.5260858915, 35.3220116672) "
Vihiga         ,Class 3,11761,Boys,12/31/2014 12:00:00 AM,"(0.0762657959, 34.7223230361) "
Wajir          ,Class 3,6034,Boys,12/31/2014 12:00:00 AM,"(1.8081376238, 40.0349856396) "
West Pokot     ,Class 3,11785,Boys,12/31/2014 12:00:00 AM,"(1.7401061713, 35.2438468092) "
Baringo        ,Class 4,10201,Boys,12/31/2014 12:00:00 AM,"(0.6692519803, 35.9464653527) "
Bomet          ,Class 4,15747,Boys,12/31/2014 12:00:00 AM,"(-0.7262945834, 35.2985975867)"
Bungoma        ,Class 4,34749,Boys,12/31/2014 12:00:00 AM,"(0.7492852396, 34.6404608756) "
Busia          ,Class 4,17235,Boys,12/31/2014 12:00:00 AM,"(0.3874436775, 34.1936314884) "
Elgeyo Marakwet,Class 4,7856,Boys,12/31/2014 12:00:00 AM,"(0.8022188109, 35.5365631474) "
Embu           ,Class 4,8352,Boys,12/31/2014 12:00:00 AM,"(-0.6039743776, 37.6265013265)"
Garissa        ,Class 4,8679,Boys,12/31/2014 12:00:00 AM,"(-0.4889103448, 40.1992785378)"
Homa Bay       ,Class 4,22171,Boys,12/31/2014 12:00:00 AM,"(-0.5428093942, 34.3589968687)"
Isiolo         ,Class 4,2298,Boys,12/31/2014 12:00:00 AM,"(1.0104430775, 38.5421531206) "
Kajiado        ,Class 4,11492,Boys,12/31/2014 12:00:00 AM,"(-2.1213835779, 36.908842193) "
Kakamega       ,Class 4,37948,Boys,12/31/2014 12:00:00 AM,"(0.403683464, 34.744511153)   "
Kericho        ,Class 4,15612,Boys,12/31/2014 12:00:00 AM,"(-0.295732906, 35.3140700086) "
Kiambu         ,Class 4,21709,Boys,12/31/2014 12:00:00 AM,"(-1.068706066, 36.8235642579) "
Kilifi         ,Class 4,21199,Boys,12/31/2014 12:00:00 AM,"(-3.1757320132, 39.6866875507)"
Kirinyaga      ,Class 4,7722,Boys,12/31/2014 12:00:00 AM,"(-0.5247462962, 37.3198681093)"
Kisii          ,Class 4,21983,Boys,12/31/2014 12:00:00 AM,"(-0.7746037572, 34.7747229835)"
Kisumu         ,Class 4,17464,Boys,12/31/2014 12:00:00 AM,"(-0.1694586948, 34.835203466) "
Kitui          ,Class 4,23981,Boys,12/31/2014 12:00:00 AM,"(-1.4910385308, 38.4069210158)"
Kwale          ,Class 4,12017,Boys,12/31/2014 12:00:00 AM,"(-4.1831495272, 39.1904119005)"
Laikipia       ,Class 4,6593,Boys,12/31/2014 12:00:00 AM,"(0.3236041225, 36.7717278588) "
Lamu           ,Class 4,1912,Boys,12/31/2014 12:00:00 AM,"(-2.0786825436, 40.882860682) "
Machakos       ,Class 4,20201,Boys,12/31/2014 12:00:00 AM,"(-1.2795123066, 37.4126760329)"
Makueni        ,Class 4,19591,Boys,12/31/2014 12:00:00 AM,"(-2.1576841001, 37.7882455725)"
Mandera        ,Class 4,7681,Boys,12/31/2014 12:00:00 AM,"(3.436469488, 40.7388101667)  "
Marsabit       ,Class 4,4188,Boys,12/31/2014 12:00:00 AM,"(2.9786587865, 37.5695361088) "
Meru           ,Class 4,22342,Boys,12/31/2014 12:00:00 AM,"(0.1667792413, 37.7640370542) "
Migori         ,Class 4,21455,Boys,12/31/2014 12:00:00 AM,"(-0.9895368437, 34.3633453076)"
Mombasa        ,Class 4,9073,Boys,12/31/2014 12:00:00 AM,"(-4.0212562197, 39.6508827026)"
Muranga        ,Class 4,13948,Boys,12/31/2014 12:00:00 AM,"(-0.8095905365, 37.0327225233)"
Nairobi        ,Class 4,31160,Boys,12/31/2014 12:00:00 AM,"(-1.2934134703, 36.8681892682)"
Nakuru         ,Class 4,29005,Boys,12/31/2014 12:00:00 AM,"(-0.4636754317, 36.0784790942)"
Nandi          ,Class 4,16637,Boys,12/31/2014 12:00:00 AM,"(0.1866888869, 35.1104876664) "
Narok          ,Class 4,17950,Boys,12/31/2014 12:00:00 AM,"(-1.2547903321, 35.5763292139)"
Nyamira        ,Class 4,10378,Boys,12/31/2014 12:00:00 AM,"(-0.6427324001, 34.9646595611)"
Nyandarua      ,Class 4,10241,Boys,12/31/2014 12:00:00 AM,"(-0.3220778225, 36.482869161) "
Nyeri          ,Class 4,9225,Boys,12/31/2014 12:00:00 AM,"(-0.3429235894, 36.9564781346)"
Samburu        ,Class 4,3572,Boys,12/31/2014 12:00:00 AM,"(1.3168546261, 37.118394067)  "
Siaya          ,Class 4,17309,Boys,12/31/2014 12:00:00 AM,"(-0.0621298886, 34.2476417045)"
Taita Taveta   ,Class 4,4443,Boys,12/31/2014 12:00:00 AM,"(-3.4347339937, 38.4186020033)"
Tana River     ,Class 4,3507,Boys,12/31/2014 12:00:00 AM,"(-1.5263666043, 39.4178692029)"
Tharaka-Nithi  ,Class 4,6758,Boys,12/31/2014 12:00:00 AM,"(-0.2070612179, 37.8702972709)"
Trans Nzoia    ,Class 4,16669,Boys,12/31/2014 12:00:00 AM,"(1.0509548086, 34.9574199775) "
Turkana        ,Class 4,14431,Boys,12/31/2014 12:00:00 AM,"(3.4248491959, 35.4357584553) "
Uasin Gishu    ,Class 4,13133,Boys,12/31/2014 12:00:00 AM,"(0.5260858915, 35.3220116672) "
Vihiga         ,Class 4,11811,Boys,12/31/2014 12:00:00 AM,"(0.0762657959, 34.7223230361) "
Wajir          ,Class 4,5087,Boys,12/31/2014 12:00:00 AM,"(1.8081376238, 40.0349856396) "
West Pokot     ,Class 4,11201,Boys,12/31/2014 12:00:00 AM,"(1.7401061713, 35.2438468092) "
Baringo        ,Class 5,9383,Boys,12/31/2014 12:00:00 AM,"(0.6692519803, 35.9464653527) "
Bomet          ,Class 5,14507,Boys,12/31/2014 12:00:00 AM,"(-0.7262945834, 35.2985975867)"
Bungoma        ,Class 5,33876,Boys,12/31/2014 12:00:00 AM,"(0.7492852396, 34.6404608756) "
Busia          ,Class 5,16427,Boys,12/31/2014 12:00:00 AM,"(0.3874436775, 34.1936314884) "
Elgeyo Marakwet,Class 5,7599,Boys,12/31/2014 12:00:00 AM,"(0.8022188109, 35.5365631474) "
Embu           ,Class 5,8084,Boys,12/31/2014 12:00:00 AM,"(-0.6039743776, 37.6265013265)"
Garissa        ,Class 5,7439,Boys,12/31/2014 12:00:00 AM,"(-0.4889103448, 40.1992785378)"
Homa Bay       ,Class 5,21712,Boys,12/31/2014 12:00:00 AM,"(-0.5428093942, 34.3589968687)"
Isiolo         ,Class 5,2165,Boys,12/31/2014 12:00:00 AM,"(1.0104430775, 38.5421531206) "
Kajiado        ,Class 5,10327,Boys,12/31/2014 12:00:00 AM,"(-2.1213835779, 36.908842193) "
Kakamega       ,Class 5,35862,Boys,12/31/2014 12:00:00 AM,"(0.403683464, 34.744511153)   "
Kericho        ,Class 5,14718,Boys,12/31/2014 12:00:00 AM,"(-0.295732906, 35.3140700086) "
Kiambu         ,Class 5,21372,Boys,12/31/2014 12:00:00 AM,"(-1.068706066, 36.8235642579) "
Kilifi         ,Class 5,20019,Boys,12/31/2014 12:00:00 AM,"(-3.1757320132, 39.6866875507)"
Kirinyaga      ,Class 5,7717,Boys,12/31/2014 12:00:00 AM,"(-0.5247462962, 37.3198681093)"
Kisii          ,Class 5,20617,Boys,12/31/2014 12:00:00 AM,"(-0.7746037572, 34.7747229835)"
Kisumu         ,Class 5,16470,Boys,12/31/2014 12:00:00 AM,"(-0.1694586948, 34.835203466) "
Kitui          ,Class 5,22465,Boys,12/31/2014 12:00:00 AM,"(-1.4910385308, 38.4069210158)"
Kwale          ,Class 5,11180,Boys,12/31/2014 12:00:00 AM,"(-4.1831495272, 39.1904119005)"
Laikipia       ,Class 5,6254,Boys,12/31/2014 12:00:00 AM,"(0.3236041225, 36.7717278588) "
Lamu           ,Class 5,1704,Boys,12/31/2014 12:00:00 AM,"(-2.0786825436, 40.882860682) "
Machakos       ,Class 5,18955,Boys,12/31/2014 12:00:00 AM,"(-1.2795123066, 37.4126760329)"
Makueni        ,Class 5,18984,Boys,12/31/2014 12:00:00 AM,"(-2.1576841001, 37.7882455725)"
Mandera        ,Class 5,6833,Boys,12/31/2014 12:00:00 AM,"(3.436469488, 40.7388101667)  "
Marsabit       ,Class 5,3657,Boys,12/31/2014 12:00:00 AM,"(2.9786587865, 37.5695361088) "
Meru           ,Class 5,20550,Boys,12/31/2014 12:00:00 AM,"(0.1667792413, 37.7640370542) "
Migori         ,Class 5,20205,Boys,12/31/2014 12:00:00 AM,"(-0.9895368437, 34.3633453076)"
Mombasa        ,Class 5,9007,Boys,12/31/2014 12:00:00 AM,"(-4.0212562197, 39.6508827026)"
Muranga        ,Class 5,13739,Boys,12/31/2014 12:00:00 AM,"(-0.8095905365, 37.0327225233)"
Nairobi        ,Class 5,30106,Boys,12/31/2014 12:00:00 AM,"(-1.2934134703, 36.8681892682)"
Nakuru         ,Class 5,28110,Boys,12/31/2014 12:00:00 AM,"(-0.4636754317, 36.0784790942)"
Nandi          ,Class 5,14788,Boys,12/31/2014 12:00:00 AM,"(0.1866888869, 35.1104876664) "
Narok          ,Class 5,16403,Boys,12/31/2014 12:00:00 AM,"(-1.2547903321, 35.5763292139)"
Nyamira        ,Class 5,9920,Boys,12/31/2014 12:00:00 AM,"(-0.6427324001, 34.9646595611)"
Nyandarua      ,Class 5,10469,Boys,12/31/2014 12:00:00 AM,"(-0.3220778225, 36.482869161) "
Nyeri          ,Class 5,9915,Boys,12/31/2014 12:00:00 AM,"(-0.3429235894, 36.9564781346)"
Samburu        ,Class 5,3119,Boys,12/31/2014 12:00:00 AM,"(1.3168546261, 37.118394067)  "
Siaya          ,Class 5,16613,Boys,12/31/2014 12:00:00 AM,"(-0.0621298886, 34.2476417045)"
Taita Taveta   ,Class 5,4508,Boys,12/31/2014 12:00:00 AM,"(-3.4347339937, 38.4186020033)"
Tana River     ,Class 5,3092,Boys,12/31/2014 12:00:00 AM,"(-1.5263666043, 39.4178692029)"
Tharaka-Nithi  ,Class 5,6633,Boys,12/31/2014 12:00:00 AM,"(-0.2070612179, 37.8702972709)"
Trans Nzoia    ,Class 5,15316,Boys,12/31/2014 12:00:00 AM,"(1.0509548086, 34.9574199775) "
Turkana        ,Class 5,11975,Boys,12/31/2014 12:00:00 AM,"(3.4248491959, 35.4357584553) "
Uasin Gishu    ,Class 5,12769,Boys,12/31/2014 12:00:00 AM,"(0.5260858915, 35.3220116672) "
Vihiga         ,Class 5,11016,Boys,12/31/2014 12:00:00 AM,"(0.0762657959, 34.7223230361) "
Wajir          ,Class 5,4337,Boys,12/31/2014 12:00:00 AM,"(1.8081376238, 40.0349856396) "
West Pokot     ,Class 5,9549,Boys,12/31/2014 12:00:00 AM,"(1.7401061713, 35.2438468092) "
Baringo        ,Class 6,9551,Boys,12/31/2014 12:00:00 AM,"(0.6692519803, 35.9464653527) "
Bomet          ,Class 6,14450,Boys,12/31/2014 12:00:00 AM,"(-0.7262945834, 35.2985975867)"
Bungoma        ,Class 6,34084,Boys,12/31/2014 12:00:00 AM,"(0.7492852396, 34.6404608756) "
Busia          ,Class 6,15802,Boys,12/31/2014 12:00:00 AM,"(0.3874436775, 34.1936314884) "
Elgeyo Marakwet,Class 6,8041,Boys,12/31/2014 12:00:00 AM,"(0.8022188109, 35.5365631474) "
Embu           ,Class 6,7833,Boys,12/31/2014 12:00:00 AM,"(-0.6039743776, 37.6265013265)"
Garissa        ,Class 6,7106,Boys,12/31/2014 12:00:00 AM,"(-0.4889103448, 40.1992785378)"
Homa Bay       ,Class 6,21112,Boys,12/31/2014 12:00:00 AM,"(-0.5428093942, 34.3589968687)"
Isiolo         ,Class 6,2060,Boys,12/31/2014 12:00:00 AM,"(1.0104430775, 38.5421531206) "
Kajiado        ,Class 6,9572,Boys,12/31/2014 12:00:00 AM,"(-2.1213835779, 36.908842193) "
Kakamega       ,Class 6,34387,Boys,12/31/2014 12:00:00 AM,"(0.403683464, 34.744511153)   "
Kericho        ,Class 6,14662,Boys,12/31/2014 12:00:00 AM,"(-0.295732906, 35.3140700086) "
Kiambu         ,Class 6,21223,Boys,12/31/2014 12:00:00 AM,"(-1.068706066, 36.8235642579) "
Kilifi         ,Class 6,19547,Boys,12/31/2014 12:00:00 AM,"(-3.1757320132, 39.6866875507)"
Kirinyaga      ,Class 6,7814,Boys,12/31/2014 12:00:00 AM,"(-0.5247462962, 37.3198681093)"
Kisii          ,Class 6,20218,Boys,12/31/2014 12:00:00 AM,"(-0.7746037572, 34.7747229835)"
Kisumu         ,Class 6,16349,Boys,12/31/2014 12:00:00 AM,"(-0.1694586948, 34.835203466) "
Kitui          ,Class 6,21000,Boys,12/31/2014 12:00:00 AM,"(-1.4910385308, 38.4069210158)"
Kwale          ,Class 6,10556,Boys,12/31/2014 12:00:00 AM,"(-4.1831495272, 39.1904119005)"
Laikipia       ,Class 6,6322,Boys,12/31/2014 12:00:00 AM,"(0.3236041225, 36.7717278588) "
Lamu           ,Class 6,1606,Boys,12/31/2014 12:00:00 AM,"(-2.0786825436, 40.882860682) "
Machakos       ,Class 6,18700,Boys,12/31/2014 12:00:00 AM,"(-1.2795123066, 37.4126760329)"
Makueni        ,Class 6,18421,Boys,12/31/2014 12:00:00 AM,"(-2.1576841001, 37.7882455725)"
Mandera        ,Class 6,5843,Boys,12/31/2014 12:00:00 AM,"(3.436469488, 40.7388101667)  "
Marsabit       ,Class 6,3507,Boys,12/31/2014 12:00:00 AM,"(2.9786587865, 37.5695361088) "
Meru           ,Class 6,18959,Boys,12/31/2014 12:00:00 AM,"(0.1667792413, 37.7640370542) "
Migori         ,Class 6,19569,Boys,12/31/2014 12:00:00 AM,"(-0.9895368437, 34.3633453076)"
Mombasa        ,Class 6,8746,Boys,12/31/2014 12:00:00 AM,"(-4.0212562197, 39.6508827026)"
Muranga        ,Class 6,14284,Boys,12/31/2014 12:00:00 AM,"(-0.8095905365, 37.0327225233)"
Nairobi        ,Class 6,28283,Boys,12/31/2014 12:00:00 AM,"(-1.2934134703, 36.8681892682)"
Nakuru         ,Class 6,27362,Boys,12/31/2014 12:00:00 AM,"(-0.4636754317, 36.0784790942)"
Nandi          ,Class 6,14524,Boys,12/31/2014 12:00:00 AM,"(0.1866888869, 35.1104876664) "
Narok          ,Class 6,15496,Boys,12/31/2014 12:00:00 AM,"(-1.2547903321, 35.5763292139)"
Nyamira        ,Class 6,9706,Boys,12/31/2014 12:00:00 AM,"(-0.6427324001, 34.9646595611)"
Nyandarua      ,Class 6,10216,Boys,12/31/2014 12:00:00 AM,"(-0.3220778225, 36.482869161) "
Nyeri          ,Class 6,10306,Boys,12/31/2014 12:00:00 AM,"(-0.3429235894, 36.9564781346)"
Samburu        ,Class 6,2725,Boys,12/31/2014 12:00:00 AM,"(1.3168546261, 37.118394067)  "
Siaya          ,Class 6,15981,Boys,12/31/2014 12:00:00 AM,"(-0.0621298886, 34.2476417045)"
Taita Taveta   ,Class 6,4335,Boys,12/31/2014 12:00:00 AM,"(-3.4347339937, 38.4186020033)"
Tana River     ,Class 6,2761,Boys,12/31/2014 12:00:00 AM,"(-1.5263666043, 39.4178692029)"
Tharaka-Nithi  ,Class 6,6309,Boys,12/31/2014 12:00:00 AM,"(-0.2070612179, 37.8702972709)"
Trans Nzoia    ,Class 6,15040,Boys,12/31/2014 12:00:00 AM,"(1.0509548086, 34.9574199775) "
Turkana        ,Class 6,11169,Boys,12/31/2014 12:00:00 AM,"(3.4248491959, 35.4357584553) "
Uasin Gishu    ,Class 6,12824,Boys,12/31/2014 12:00:00 AM,"(0.5260858915, 35.3220116672) "
Vihiga         ,Class 6,10528,Boys,12/31/2014 12:00:00 AM,"(0.0762657959, 34.7223230361) "
Wajir          ,Class 6,3719,Boys,12/31/2014 12:00:00 AM,"(1.8081376238, 40.0349856396) "
West Pokot     ,Class 6,8768,Boys,12/31/2014 12:00:00 AM,"(1.7401061713, 35.2438468092) "
Baringo        ,Class 7,9865,Boys,12/31/2014 12:00:00 AM,"(0.6692519803, 35.9464653527) "
Bomet          ,Class 7,15725,Boys,12/31/2014 12:00:00 AM,"(-0.7262945834, 35.2985975867)"
Bungoma        ,Class 7,33430,Boys,12/31/2014 12:00:00 AM,"(0.7492852396, 34.6404608756) "
Busia          ,Class 7,14241,Boys,12/31/2014 12:00:00 AM,"(0.3874436775, 34.1936314884) "
Elgeyo Marakwet,Class 7,8064,Boys,12/31/2014 12:00:00 AM,"(0.8022188109, 35.5365631474) "
Embu           ,Class 7,7659,Boys,12/31/2014 12:00:00 AM,"(-0.6039743776, 37.6265013265)"
Garissa        ,Class 7,5759,Boys,12/31/2014 12:00:00 AM,"(-0.4889103448, 40.1992785378)"
Homa Bay       ,Class 7,19325,Boys,12/31/2014 12:00:00 AM,"(-0.5428093942, 34.3589968687)"
Isiolo         ,Class 7,2048,Boys,12/31/2014 12:00:00 AM,"(1.0104430775, 38.5421531206) "
Kajiado        ,Class 7,8807,Boys,12/31/2014 12:00:00 AM,"(-2.1213835779, 36.908842193) "
Kakamega       ,Class 7,30843,Boys,12/31/2014 12:00:00 AM,"(0.403683464, 34.744511153)   "
Kericho        ,Class 7,15008,Boys,12/31/2014 12:00:00 AM,"(-0.295732906, 35.3140700086) "
Kiambu         ,Class 7,20901,Boys,12/31/2014 12:00:00 AM,"(-1.068706066, 36.8235642579) "
Kilifi         ,Class 7,19044,Boys,12/31/2014 12:00:00 AM,"(-3.1757320132, 39.6866875507)"
Kirinyaga      ,Class 7,7651,Boys,12/31/2014 12:00:00 AM,"(-0.5247462962, 37.3198681093)"
Kisii          ,Class 7,19723,Boys,12/31/2014 12:00:00 AM,"(-0.7746037572, 34.7747229835)"
Kisumu         ,Class 7,16476,Boys,12/31/2014 12:00:00 AM,"(-0.1694586948, 34.835203466) "
Kitui          ,Class 7,20236,Boys,12/31/2014 12:00:00 AM,"(-1.4910385308, 38.4069210158)"
Kwale          ,Class 7,10431,Boys,12/31/2014 12:00:00 AM,"(-4.1831495272, 39.1904119005)"
Laikipia       ,Class 7,6244,Boys,12/31/2014 12:00:00 AM,"(0.3236041225, 36.7717278588) "
Lamu           ,Class 7,1578,Boys,12/31/2014 12:00:00 AM,"(-2.0786825436, 40.882860682) "
Machakos       ,Class 7,18867,Boys,12/31/2014 12:00:00 AM,"(-1.2795123066, 37.4126760329)"
Makueni        ,Class 7,18362,Boys,12/31/2014 12:00:00 AM,"(-2.1576841001, 37.7882455725)"
Mandera        ,Class 7,5063,Boys,12/31/2014 12:00:00 AM,"(3.436469488, 40.7388101667)  "
Marsabit       ,Class 7,3171,Boys,12/31/2014 12:00:00 AM,"(2.9786587865, 37.5695361088) "
Meru           ,Class 7,17706,Boys,12/31/2014 12:00:00 AM,"(0.1667792413, 37.7640370542) "
Migori         ,Class 7,18738,Boys,12/31/2014 12:00:00 AM,"(-0.9895368437, 34.3633453076)"
Mombasa        ,Class 7,8920,Boys,12/31/2014 12:00:00 AM,"(-4.0212562197, 39.6508827026)"
Muranga        ,Class 7,14144,Boys,12/31/2014 12:00:00 AM,"(-0.8095905365, 37.0327225233)"
Nairobi        ,Class 7,25784,Boys,12/31/2014 12:00:00 AM,"(-1.2934134703, 36.8681892682)"
Nakuru         ,Class 7,27097,Boys,12/31/2014 12:00:00 AM,"(-0.4636754317, 36.0784790942)"
Nandi          ,Class 7,13918,Boys,12/31/2014 12:00:00 AM,"(0.1866888869, 35.1104876664) "
Narok          ,Class 7,14364,Boys,12/31/2014 12:00:00 AM,"(-1.2547903321, 35.5763292139)"
Nyamira        ,Class 7,9526,Boys,12/31/2014 12:00:00 AM,"(-0.6427324001, 34.9646595611)"
Nyandarua      ,Class 7,10370,Boys,12/31/2014 12:00:00 AM,"(-0.3220778225, 36.482869161) "
Nyeri          ,Class 7,10065,Boys,12/31/2014 12:00:00 AM,"(-0.3429235894, 36.9564781346)"
Samburu        ,Class 7,2594,Boys,12/31/2014 12:00:00 AM,"(1.3168546261, 37.118394067)  "
Siaya          ,Class 7,14964,Boys,12/31/2014 12:00:00 AM,"(-0.0621298886, 34.2476417045)"
Taita Taveta   ,Class 7,4629,Boys,12/31/2014 12:00:00 AM,"(-3.4347339937, 38.4186020033)"
Tana River     ,Class 7,2881,Boys,12/31/2014 12:00:00 AM,"(-1.5263666043, 39.4178692029)"
Tharaka-Nithi  ,Class 7,5847,Boys,12/31/2014 12:00:00 AM,"(-0.2070612179, 37.8702972709)"
Trans Nzoia    ,Class 7,14664,Boys,12/31/2014 12:00:00 AM,"(1.0509548086, 34.9574199775) "
Turkana        ,Class 7,9652,Boys,12/31/2014 12:00:00 AM,"(3.4248491959, 35.4357584553) "
Uasin Gishu    ,Class 7,12793,Boys,12/31/2014 12:00:00 AM,"(0.5260858915, 35.3220116672) "
Vihiga         ,Class 7,9090,Boys,12/31/2014 12:00:00 AM,"(0.0762657959, 34.7223230361) "
Wajir          ,Class 7,3240,Boys,12/31/2014 12:00:00 AM,"(1.8081376238, 40.0349856396) "
West Pokot     ,Class 7,8672,Boys,12/31/2014 12:00:00 AM,"(1.7401061713, 35.2438468092) "
Baringo        ,Class 8,7484,Boys,12/31/2014 12:00:00 AM,"(0.6692519803, 35.9464653527) "
Bomet          ,Class 8,10872,Boys,12/31/2014 12:00:00 AM,"(-0.7262945834, 35.2985975867)"
Bungoma        ,Class 8,19176,Boys,12/31/2014 12:00:00 AM,"(0.7492852396, 34.6404608756) "
Busia          ,Class 8,9169,Boys,12/31/2014 12:00:00 AM,"(0.3874436775, 34.1936314884) "
Elgeyo Marakwet,Class 8,5662,Boys,12/31/2014 12:00:00 AM,"(0.8022188109, 35.5365631474) "
Embu           ,Class 8,6002,Boys,12/31/2014 12:00:00 AM,"(-0.6039743776, 37.6265013265)"
Garissa        ,Class 8,5025,Boys,12/31/2014 12:00:00 AM,"(-0.4889103448, 40.1992785378)"
Homa Bay       ,Class 8,13538,Boys,12/31/2014 12:00:00 AM,"(-0.5428093942, 34.3589968687)"
Isiolo         ,Class 8,1514,Boys,12/31/2014 12:00:00 AM,"(1.0104430775, 38.5421531206) "
Kajiado        ,Class 8,7540,Boys,12/31/2014 12:00:00 AM,"(-2.1213835779, 36.908842193) "
Kakamega       ,Class 8,20126,Boys,12/31/2014 12:00:00 AM,"(0.403683464, 34.744511153)   "
Kericho        ,Class 8,11618,Boys,12/31/2014 12:00:00 AM,"(-0.295732906, 35.3140700086) "
Kiambu         ,Class 8,19498,Boys,12/31/2014 12:00:00 AM,"(-1.068706066, 36.8235642579) "
Kilifi         ,Class 8,15715,Boys,12/31/2014 12:00:00 AM,"(-3.1757320132, 39.6866875507)"
Kirinyaga      ,Class 8,6117,Boys,12/31/2014 12:00:00 AM,"(-0.5247462962, 37.3198681093)"
Kisii          ,Class 8,13362,Boys,12/31/2014 12:00:00 AM,"(-0.7746037572, 34.7747229835)"
Kisumu         ,Class 8,11278,Boys,12/31/2014 12:00:00 AM,"(-0.1694586948, 34.835203466) "
Kitui          ,Class 8,16851,Boys,12/31/2014 12:00:00 AM,"(-1.4910385308, 38.4069210158)"
Kwale          ,Class 8,7906,Boys,12/31/2014 12:00:00 AM,"(-4.1831495272, 39.1904119005)"
Laikipia       ,Class 8,5399,Boys,12/31/2014 12:00:00 AM,"(0.3236041225, 36.7717278588) "
Lamu           ,Class 8,1248,Boys,12/31/2014 12:00:00 AM,"(-2.0786825436, 40.882860682) "
Machakos       ,Class 8,15087,Boys,12/31/2014 12:00:00 AM,"(-1.2795123066, 37.4126760329)"
Makueni        ,Class 8,14381,Boys,12/31/2014 12:00:00 AM,"(-2.1576841001, 37.7882455725)"
Mandera        ,Class 8,3163,Boys,12/31/2014 12:00:00 AM,"(3.436469488, 40.7388101667)  "
Marsabit       ,Class 8,2214,Boys,12/31/2014 12:00:00 AM,"(2.9786587865, 37.5695361088) "
Meru           ,Class 8,12749,Boys,12/31/2014 12:00:00 AM,"(0.1667792413, 37.7640370542) "
Migori         ,Class 8,12379,Boys,12/31/2014 12:00:00 AM,"(-0.9895368437, 34.3633453076)"
Mombasa        ,Class 8,8359,Boys,12/31/2014 12:00:00 AM,"(-4.0212562197, 39.6508827026)"
Muranga        ,Class 8,12091,Boys,12/31/2014 12:00:00 AM,"(-0.8095905365, 37.0327225233)"
Nairobi        ,Class 8,22996,Boys,12/31/2014 12:00:00 AM,"(-1.2934134703, 36.8681892682)"
Nakuru         ,Class 8,22340,Boys,12/31/2014 12:00:00 AM,"(-0.4636754317, 36.0784790942)"
Nandi          ,Class 8,9965,Boys,12/31/2014 12:00:00 AM,"(0.1866888869, 35.1104876664) "
Narok          ,Class 8,9107,Boys,12/31/2014 12:00:00 AM,"(-1.2547903321, 35.5763292139)"
Nyamira        ,Class 8,7056,Boys,12/31/2014 12:00:00 AM,"(-0.6427324001, 34.9646595611)"
Nyandarua      ,Class 8,9348,Boys,12/31/2014 12:00:00 AM,"(-0.3220778225, 36.482869161) "
Nyeri          ,Class 8,9804,Boys,12/31/2014 12:00:00 AM,"(-0.3429235894, 36.9564781346)"
Samburu        ,Class 8,1917,Boys,12/31/2014 12:00:00 AM,"(1.3168546261, 37.118394067)  "
Siaya          ,Class 8,10778,Boys,12/31/2014 12:00:00 AM,"(-0.0621298886, 34.2476417045)"
Taita Taveta   ,Class 8,4103,Boys,12/31/2014 12:00:00 AM,"(-3.4347339937, 38.4186020033)"
Tana River     ,Class 8,2014,Boys,12/31/2014 12:00:00 AM,"(-1.5263666043, 39.4178692029)"
Tharaka-Nithi  ,Class 8,4409,Boys,12/31/2014 12:00:00 AM,"(-0.2070612179, 37.8702972709)"
Trans Nzoia    ,Class 8,9332,Boys,12/31/2014 12:00:00 AM,"(1.0509548086, 34.9574199775) "
Turkana        ,Class 8,5031,Boys,12/31/2014 12:00:00 AM,"(3.4248491959, 35.4357584553) "
Uasin Gishu    ,Class 8,9584,Boys,12/31/2014 12:00:00 AM,"(0.5260858915, 35.3220116672) "
Vihiga         ,Class 8,6646,Boys,12/31/2014 12:00:00 AM,"(0.0762657959, 34.7223230361) "
Wajir          ,Class 8,2916,Boys,12/31/2014 12:00:00 AM,"(1.8081376238, 40.0349856396) "
West Pokot     ,Class 8,5081,Boys,12/31/2014 12:00:00 AM,"(1.7401061713, 35.2438468092) "
West Pokot     ,Class 1,13864,Girls,12/31/2014 12:00:00 AM,"(1.7401061713, 35.2438468092) "
Baringo        ,Class 2,8555,Girls,12/31/2014 12:00:00 AM,"(0.6692519803, 35.9464653527) "
Bomet          ,Class 2,14553,Girls,12/31/2014 12:00:00 AM,"(-0.7262945834, 35.2985975867)"
Bungoma        ,Class 2,34135,Girls,12/31/2014 12:00:00 AM,"(0.7492852396, 34.6404608756) "
Busia          ,Class 2,17653,Girls,12/31/2014 12:00:00 AM,"(0.3874436775, 34.1936314884) "
Elgeyo Marakwet,Class 2,7255,Girls,12/31/2014 12:00:00 AM,"(0.8022188109, 35.5365631474) "
Embu           ,Class 2,7119,Girls,12/31/2014 12:00:00 AM,"(-0.6039743776, 37.6265013265)"
Garissa        ,Class 2,9917,Girls,12/31/2014 12:00:00 AM,"(-0.4889103448, 40.1992785378)"
Homa Bay       ,Class 2,21700,Girls,12/31/2014 12:00:00 AM,"(-0.5428093942, 34.3589968687)"
Isiolo         ,Class 2,2482,Girls,12/31/2014 12:00:00 AM,"(1.0104430775, 38.5421531206) "
Kajiado        ,Class 2,10285,Girls,12/31/2014 12:00:00 AM,"(-2.1213835779, 36.908842193) "
Kakamega       ,Class 2,38121,Girls,12/31/2014 12:00:00 AM,"(0.403683464, 34.744511153)   "
Kericho        ,Class 2,14785,Girls,12/31/2014 12:00:00 AM,"(-0.295732906, 35.3140700086) "
Kiambu         ,Class 2,19282,Girls,12/31/2014 12:00:00 AM,"(-1.068706066, 36.8235642579) "
Kilifi         ,Class 2,19788,Girls,12/31/2014 12:00:00 AM,"(-3.1757320132, 39.6866875507)"
Kirinyaga      ,Class 2,6628,Girls,12/31/2014 12:00:00 AM,"(-0.5247462962, 37.3198681093)"
Kisii          ,Class 2,20925,Girls,12/31/2014 12:00:00 AM,"(-0.7746037572, 34.7747229835)"
Kisumu         ,Class 2,17638,Girls,12/31/2014 12:00:00 AM,"(-0.1694586948, 34.835203466) "
Kitui          ,Class 2,21412,Girls,12/31/2014 12:00:00 AM,"(-1.4910385308, 38.4069210158)"
Kwale          ,Class 2,11893,Girls,12/31/2014 12:00:00 AM,"(-4.1831495272, 39.1904119005)"
Laikipia       ,Class 2,6183,Girls,12/31/2014 12:00:00 AM,"(0.3236041225, 36.7717278588) "
Lamu           ,Class 2,1751,Girls,12/31/2014 12:00:00 AM,"(-2.0786825436, 40.882860682) "
Machakos       ,Class 2,16904,Girls,12/31/2014 12:00:00 AM,"(-1.2795123066, 37.4126760329)"
Makueni        ,Class 2,16319,Girls,12/31/2014 12:00:00 AM,"(-2.1576841001, 37.7882455725)"
Mandera        ,Class 2,5762,Girls,12/31/2014 12:00:00 AM,"(3.436469488, 40.7388101667)  "
Marsabit       ,Class 2,4313,Girls,12/31/2014 12:00:00 AM,"(2.9786587865, 37.5695361088) "
Meru           ,Class 2,22459,Girls,12/31/2014 12:00:00 AM,"(0.1667792413, 37.7640370542) "
Migori         ,Class 2,21292,Girls,12/31/2014 12:00:00 AM,"(-0.9895368437, 34.3633453076)"
Mombasa        ,Class 2,8767,Girls,12/31/2014 12:00:00 AM,"(-4.0212562197, 39.6508827026)"
Muranga        ,Class 2,11758,Girls,12/31/2014 12:00:00 AM,"(-0.8095905365, 37.0327225233)"
Nairobi        ,Class 2,30730,Girls,12/31/2014 12:00:00 AM,"(-1.2934134703, 36.8681892682)"
Nakuru         ,Class 2,27396,Girls,12/31/2014 12:00:00 AM,"(-0.4636754317, 36.0784790942)"
Nandi          ,Class 2,15334,Girls,12/31/2014 12:00:00 AM,"(0.1866888869, 35.1104876664) "
Narok          ,Class 2,17002,Girls,12/31/2014 12:00:00 AM,"(-1.2547903321, 35.5763292139)"
Nyamira        ,Class 2,9693,Girls,12/31/2014 12:00:00 AM,"(-0.6427324001, 34.9646595611)"
Nyandarua      ,Class 2,8768,Girls,12/31/2014 12:00:00 AM,"(-0.3220778225, 36.482869161) "
Nyeri          ,Class 2,8110,Girls,12/31/2014 12:00:00 AM,"(-0.3429235894, 36.9564781346)"
Samburu        ,Class 2,3436,Girls,12/31/2014 12:00:00 AM,"(1.3168546261, 37.118394067)  "
Siaya          ,Class 2,17157,Girls,12/31/2014 12:00:00 AM,"(-0.0621298886, 34.2476417045)"
Taita Taveta   ,Class 2,4067,Girls,12/31/2014 12:00:00 AM,"(-3.4347339937, 38.4186020033)"
Tana River     ,Class 2,3480,Girls,12/31/2014 12:00:00 AM,"(-1.5263666043, 39.4178692029)"
Tharaka-Nithi  ,Class 2,6073,Girls,12/31/2014 12:00:00 AM,"(-0.2070612179, 37.8702972709)"
Trans Nzoia    ,Class 2,16108,Girls,12/31/2014 12:00:00 AM,"(1.0509548086, 34.9574199775) "
Turkana        ,Class 2,16667,Girls,12/31/2014 12:00:00 AM,"(3.4248491959, 35.4357584553) "
Uasin Gishu    ,Class 2,12171,Girls,12/31/2014 12:00:00 AM,"(0.5260858915, 35.3220116672) "
Vihiga         ,Class 2,11816,Girls,12/31/2014 12:00:00 AM,"(0.0762657959, 34.7223230361) "
Wajir          ,Class 2,4744,Girls,12/31/2014 12:00:00 AM,"(1.8081376238, 40.0349856396) "
West Pokot     ,Class 2,12467,Girls,12/31/2014 12:00:00 AM,"(1.7401061713, 35.2438468092) "
Baringo        ,Class 3,8681,Girls,12/31/2014 12:00:00 AM,"(0.6692519803, 35.9464653527) "
Bomet          ,Class 3,14780,Girls,12/31/2014 12:00:00 AM,"(-0.7262945834, 35.2985975867)"
Bungoma        ,Class 3,34414,Girls,12/31/2014 12:00:00 AM,"(0.7492852396, 34.6404608756) "
Busia          ,Class 3,17200,Girls,12/31/2014 12:00:00 AM,"(0.3874436775, 34.1936314884) "
Elgeyo Marakwet,Class 3,7233,Girls,12/31/2014 12:00:00 AM,"(0.8022188109, 35.5365631474) "
Embu           ,Class 3,7487,Girls,12/31/2014 12:00:00 AM,"(-0.6039743776, 37.6265013265)"
Garissa        ,Class 3,7837,Girls,12/31/2014 12:00:00 AM,"(-0.4889103448, 40.1992785378)"
Homa Bay       ,Class 3,21946,Girls,12/31/2014 12:00:00 AM,"(-0.5428093942, 34.3589968687)"
Isiolo         ,Class 3,2430,Girls,12/31/2014 12:00:00 AM,"(1.0104430775, 38.5421531206) "
Kajiado        ,Class 3,10635,Girls,12/31/2014 12:00:00 AM,"(-2.1213835779, 36.908842193) "
Kakamega       ,Class 3,37398,Girls,12/31/2014 12:00:00 AM,"(0.403683464, 34.744511153)   "
Kericho        ,Class 3,14579,Girls,12/31/2014 12:00:00 AM,"(-0.295732906, 35.3140700086) "
Kiambu         ,Class 3,19882,Girls,12/31/2014 12:00:00 AM,"(-1.068706066, 36.8235642579) "
Kilifi         ,Class 3,19681,Girls,12/31/2014 12:00:00 AM,"(-3.1757320132, 39.6866875507)"
Kirinyaga      ,Class 3,6792,Girls,12/31/2014 12:00:00 AM,"(-0.5247462962, 37.3198681093)"
Kisii          ,Class 3,20643,Girls,12/31/2014 12:00:00 AM,"(-0.7746037572, 34.7747229835)"
Kisumu         ,Class 3,17256,Girls,12/31/2014 12:00:00 AM,"(-0.1694586948, 34.835203466) "
Kitui          ,Class 3,21133,Girls,12/31/2014 12:00:00 AM,"(-1.4910385308, 38.4069210158)"
Kwale          ,Class 3,11531,Girls,12/31/2014 12:00:00 AM,"(-4.1831495272, 39.1904119005)"
Laikipia       ,Class 3,6299,Girls,12/31/2014 12:00:00 AM,"(0.3236041225, 36.7717278588) "
Lamu           ,Class 3,1806,Girls,12/31/2014 12:00:00 AM,"(-2.0786825436, 40.882860682) "
Machakos       ,Class 3,17112,Girls,12/31/2014 12:00:00 AM,"(-1.2795123066, 37.4126760329)"
Makueni        ,Class 3,16206,Girls,12/31/2014 12:00:00 AM,"(-2.1576841001, 37.7882455725)"
Mandera        ,Class 3,5395,Girls,12/31/2014 12:00:00 AM,"(3.436469488, 40.7388101667)  "
Marsabit       ,Class 3,3955,Girls,12/31/2014 12:00:00 AM,"(2.9786587865, 37.5695361088) "
Meru           ,Class 3,21856,Girls,12/31/2014 12:00:00 AM,"(0.1667792413, 37.7640370542) "
Migori         ,Class 3,20826,Girls,12/31/2014 12:00:00 AM,"(-0.9895368437, 34.3633453076)"
Mombasa        ,Class 3,8828,Girls,12/31/2014 12:00:00 AM,"(-4.0212562197, 39.6508827026)"
Muranga        ,Class 3,11960,Girls,12/31/2014 12:00:00 AM,"(-0.8095905365, 37.0327225233)"
Nairobi        ,Class 3,31920,Girls,12/31/2014 12:00:00 AM,"(-1.2934134703, 36.8681892682)"
Nakuru         ,Class 3,27469,Girls,12/31/2014 12:00:00 AM,"(-0.4636754317, 36.0784790942)"
Nandi          ,Class 3,14972,Girls,12/31/2014 12:00:00 AM,"(0.1866888869, 35.1104876664) "
Narok          ,Class 3,17003,Girls,12/31/2014 12:00:00 AM,"(-1.2547903321, 35.5763292139)"
Nyamira        ,Class 3,9523,Girls,12/31/2014 12:00:00 AM,"(-0.6427324001, 34.9646595611)"
Nyandarua      ,Class 3,9258,Girls,12/31/2014 12:00:00 AM,"(-0.3220778225, 36.482869161) "
Nyeri          ,Class 3,8187,Girls,12/31/2014 12:00:00 AM,"(-0.3429235894, 36.9564781346)"
Samburu        ,Class 3,3486,Girls,12/31/2014 12:00:00 AM,"(1.3168546261, 37.118394067)  "
Siaya          ,Class 3,16705,Girls,12/31/2014 12:00:00 AM,"(-0.0621298886, 34.2476417045)"
Taita Taveta   ,Class 3,4223,Girls,12/31/2014 12:00:00 AM,"(-3.4347339937, 38.4186020033)"
Tana River     ,Class 3,3192,Girls,12/31/2014 12:00:00 AM,"(-1.5263666043, 39.4178692029)"
Tharaka-Nithi  ,Class 3,6264,Girls,12/31/2014 12:00:00 AM,"(-0.2070612179, 37.8702972709)"
Trans Nzoia    ,Class 3,16038,Girls,12/31/2014 12:00:00 AM,"(1.0509548086, 34.9574199775) "
Turkana        ,Class 3,14144,Girls,12/31/2014 12:00:00 AM,"(3.4248491959, 35.4357584553) "
Uasin Gishu    ,Class 3,12148,Girls,12/31/2014 12:00:00 AM,"(0.5260858915, 35.3220116672) "
Vihiga         ,Class 3,11657,Girls,12/31/2014 12:00:00 AM,"(0.0762657959, 34.7223230361) "
Wajir          ,Class 3,4283,Girls,12/31/2014 12:00:00 AM,"(1.8081376238, 40.0349856396) "
West Pokot     ,Class 3,11435,Girls,12/31/2014 12:00:00 AM,"(1.7401061713, 35.2438468092) "
Baringo        ,Class 4,9551,Girls,12/31/2014 12:00:00 AM,"(0.6692519803, 35.9464653527) "
Bomet          ,Class 4,14865,Girls,12/31/2014 12:00:00 AM,"(-0.7262945834, 35.2985975867)"
Bungoma        ,Class 4,35206,Girls,12/31/2014 12:00:00 AM,"(0.7492852396, 34.6404608756) "
Busia          ,Class 4,17729,Girls,12/31/2014 12:00:00 AM,"(0.3874436775, 34.1936314884) "
Elgeyo Marakwet,Class 4,7698,Girls,12/31/2014 12:00:00 AM,"(0.8022188109, 35.5365631474) "
Embu           ,Class 4,7874,Girls,12/31/2014 12:00:00 AM,"(-0.6039743776, 37.6265013265)"
Garissa        ,Class 4,5133,Girls,12/31/2014 12:00:00 AM,"(-0.4889103448, 40.1992785378)"
Homa Bay       ,Class 4,21706,Girls,12/31/2014 12:00:00 AM,"(-0.5428093942, 34.3589968687)"
Isiolo         ,Class 4,2398,Girls,12/31/2014 12:00:00 AM,"(1.0104430775, 38.5421531206) "
Kajiado        ,Class 4,10916,Girls,12/31/2014 12:00:00 AM,"(-2.1213835779, 36.908842193) "
Kakamega       ,Class 4,38537,Girls,12/31/2014 12:00:00 AM,"(0.403683464, 34.744511153)   "
Kericho        ,Class 4,15059,Girls,12/31/2014 12:00:00 AM,"(-0.295732906, 35.3140700086) "
Kiambu         ,Class 4,20866,Girls,12/31/2014 12:00:00 AM,"(-1.068706066, 36.8235642579) "
Kilifi         ,Class 4,20701,Girls,12/31/2014 12:00:00 AM,"(-3.1757320132, 39.6866875507)"
Kirinyaga      ,Class 4,7680,Girls,12/31/2014 12:00:00 AM,"(-0.5247462962, 37.3198681093)"
Kisii          ,Class 4,21650,Girls,12/31/2014 12:00:00 AM,"(-0.7746037572, 34.7747229835)"
Kisumu         ,Class 4,17817,Girls,12/31/2014 12:00:00 AM,"(-0.1694586948, 34.835203466) "
Kitui          ,Class 4,22531,Girls,12/31/2014 12:00:00 AM,"(-1.4910385308, 38.4069210158)"
Kwale          ,Class 4,11796,Girls,12/31/2014 12:00:00 AM,"(-4.1831495272, 39.1904119005)"
Laikipia       ,Class 4,6163,Girls,12/31/2014 12:00:00 AM,"(0.3236041225, 36.7717278588) "
Lamu           ,Class 4,1762,Girls,12/31/2014 12:00:00 AM,"(-2.0786825436, 40.882860682) "
Machakos       ,Class 4,18527,Girls,12/31/2014 12:00:00 AM,"(-1.2795123066, 37.4126760329)"
Makueni        ,Class 4,18017,Girls,12/31/2014 12:00:00 AM,"(-2.1576841001, 37.7882455725)"
Mandera        ,Class 4,4560,Girls,12/31/2014 12:00:00 AM,"(3.436469488, 40.7388101667)  "
Marsabit       ,Class 4,4071,Girls,12/31/2014 12:00:00 AM,"(2.9786587865, 37.5695361088) "
Meru           ,Class 4,22508,Girls,12/31/2014 12:00:00 AM,"(0.1667792413, 37.7640370542) "
Migori         ,Class 4,21021,Girls,12/31/2014 12:00:00 AM,"(-0.9895368437, 34.3633453076)"
Mombasa        ,Class 4,9030,Girls,12/31/2014 12:00:00 AM,"(-4.0212562197, 39.6508827026)"
Muranga        ,Class 4,13025,Girls,12/31/2014 12:00:00 AM,"(-0.8095905365, 37.0327225233)"
Nairobi        ,Class 4,32234,Girls,12/31/2014 12:00:00 AM,"(-1.2934134703, 36.8681892682)"
Nakuru         ,Class 4,28338,Girls,12/31/2014 12:00:00 AM,"(-0.4636754317, 36.0784790942)"
Nandi          ,Class 4,15912,Girls,12/31/2014 12:00:00 AM,"(0.1866888869, 35.1104876664) "
Narok          ,Class 4,17080,Girls,12/31/2014 12:00:00 AM,"(-1.2547903321, 35.5763292139)"
Nyamira        ,Class 4,10436,Girls,12/31/2014 12:00:00 AM,"(-0.6427324001, 34.9646595611)"
Nyandarua      ,Class 4,9615,Girls,12/31/2014 12:00:00 AM,"(-0.3220778225, 36.482869161) "
Nyeri          ,Class 4,8727,Girls,12/31/2014 12:00:00 AM,"(-0.3429235894, 36.9564781346)"
Samburu        ,Class 4,3000,Girls,12/31/2014 12:00:00 AM,"(1.3168546261, 37.118394067)  "
Siaya          ,Class 4,17286,Girls,12/31/2014 12:00:00 AM,"(-0.0621298886, 34.2476417045)"
Taita Taveta   ,Class 4,4291,Girls,12/31/2014 12:00:00 AM,"(-3.4347339937, 38.4186020033)"
Tana River     ,Class 4,3218,Girls,12/31/2014 12:00:00 AM,"(-1.5263666043, 39.4178692029)"
Tharaka-Nithi  ,Class 4,6846,Girls,12/31/2014 12:00:00 AM,"(-0.2070612179, 37.8702972709)"
Trans Nzoia    ,Class 4,16343,Girls,12/31/2014 12:00:00 AM,"(1.0509548086, 34.9574199775) "
Turkana        ,Class 4,11337,Girls,12/31/2014 12:00:00 AM,"(3.4248491959, 35.4357584553) "
Uasin Gishu    ,Class 4,12801,Girls,12/31/2014 12:00:00 AM,"(0.5260858915, 35.3220116672) "
Vihiga         ,Class 4,11980,Girls,12/31/2014 12:00:00 AM,"(0.0762657959, 34.7223230361) "
Wajir          ,Class 4,3365,Girls,12/31/2014 12:00:00 AM,"(1.8081376238, 40.0349856396) "
West Pokot     ,Class 4,10474,Girls,12/31/2014 12:00:00 AM,"(1.7401061713, 35.2438468092) "
Baringo        ,Class 5,9188,Girls,12/31/2014 12:00:00 AM,"(0.6692519803, 35.9464653527) "
Bomet          ,Class 5,14557,Girls,12/31/2014 12:00:00 AM,"(-0.7262945834, 35.2985975867)"
Bungoma        ,Class 5,34410,Girls,12/31/2014 12:00:00 AM,"(0.7492852396, 34.6404608756) "
Busia          ,Class 5,17150,Girls,12/31/2014 12:00:00 AM,"(0.3874436775, 34.1936314884) "
Elgeyo Marakwet,Class 5,7583,Girls,12/31/2014 12:00:00 AM,"(0.8022188109, 35.5365631474) "
Embu           ,Class 5,8042,Girls,12/31/2014 12:00:00 AM,"(-0.6039743776, 37.6265013265)"
Garissa        ,Class 5,4389,Girls,12/31/2014 12:00:00 AM,"(-0.4889103448, 40.1992785378)"
Homa Bay       ,Class 5,20957,Girls,12/31/2014 12:00:00 AM,"(-0.5428093942, 34.3589968687)"
Isiolo         ,Class 5,2234,Girls,12/31/2014 12:00:00 AM,"(1.0104430775, 38.5421531206) "
Kajiado        ,Class 5,9972,Girls,12/31/2014 12:00:00 AM,"(-2.1213835779, 36.908842193) "
Kakamega       ,Class 5,37039,Girls,12/31/2014 12:00:00 AM,"(0.403683464, 34.744511153)   "
Kericho        ,Class 5,14724,Girls,12/31/2014 12:00:00 AM,"(-0.295732906, 35.3140700086) "
Kiambu         ,Class 5,20867,Girls,12/31/2014 12:00:00 AM,"(-1.068706066, 36.8235642579) "
Kilifi         ,Class 5,20400,Girls,12/31/2014 12:00:00 AM,"(-3.1757320132, 39.6866875507)"
Kirinyaga      ,Class 5,7876,Girls,12/31/2014 12:00:00 AM,"(-0.5247462962, 37.3198681093)"
Kisii          ,Class 5,21124,Girls,12/31/2014 12:00:00 AM,"(-0.7746037572, 34.7747229835)"
Kisumu         ,Class 5,17063,Girls,12/31/2014 12:00:00 AM,"(-0.1694586948, 34.835203466) "
Kitui          ,Class 5,21945,Girls,12/31/2014 12:00:00 AM,"(-1.4910385308, 38.4069210158)"
Kwale          ,Class 5,11104,Girls,12/31/2014 12:00:00 AM,"(-4.1831495272, 39.1904119005)"
Laikipia       ,Class 5,6268,Girls,12/31/2014 12:00:00 AM,"(0.3236041225, 36.7717278588) "
Lamu           ,Class 5,1762,Girls,12/31/2014 12:00:00 AM,"(-2.0786825436, 40.882860682) "
Machakos       ,Class 5,18131,Girls,12/31/2014 12:00:00 AM,"(-1.2795123066, 37.4126760329)"
Makueni        ,Class 5,18135,Girls,12/31/2014 12:00:00 AM,"(-2.1576841001, 37.7882455725)"
Mandera        ,Class 5,3832,Girls,12/31/2014 12:00:00 AM,"(3.436469488, 40.7388101667)  "
Marsabit       ,Class 5,3393,Girls,12/31/2014 12:00:00 AM,"(2.9786587865, 37.5695361088) "
Meru           ,Class 5,21458,Girls,12/31/2014 12:00:00 AM,"(0.1667792413, 37.7640370542) "
Migori         ,Class 5,20154,Girls,12/31/2014 12:00:00 AM,"(-0.9895368437, 34.3633453076)"
Mombasa        ,Class 5,8946,Girls,12/31/2014 12:00:00 AM,"(-4.0212562197, 39.6508827026)"
Muranga        ,Class 5,13383,Girls,12/31/2014 12:00:00 AM,"(-0.8095905365, 37.0327225233)"
Nairobi        ,Class 5,30775,Girls,12/31/2014 12:00:00 AM,"(-1.2934134703, 36.8681892682)"
Nakuru         ,Class 5,27485,Girls,12/31/2014 12:00:00 AM,"(-0.4636754317, 36.0784790942)"
Nandi          ,Class 5,15086,Girls,12/31/2014 12:00:00 AM,"(0.1866888869, 35.1104876664) "
Narok          ,Class 5,15565,Girls,12/31/2014 12:00:00 AM,"(-1.2547903321, 35.5763292139)"
Nyamira        ,Class 5,10038,Girls,12/31/2014 12:00:00 AM,"(-0.6427324001, 34.9646595611)"
Nyandarua      ,Class 5,9947,Girls,12/31/2014 12:00:00 AM,"(-0.3220778225, 36.482869161) "
Nyeri          ,Class 5,9139,Girls,12/31/2014 12:00:00 AM,"(-0.3429235894, 36.9564781346)"
Samburu        ,Class 5,2479,Girls,12/31/2014 12:00:00 AM,"(1.3168546261, 37.118394067)  "
Siaya          ,Class 5,16742,Girls,12/31/2014 12:00:00 AM,"(-0.0621298886, 34.2476417045)"
Taita Taveta   ,Class 5,4288,Girls,12/31/2014 12:00:00 AM,"(-3.4347339937, 38.4186020033)"
Tana River     ,Class 5,2944,Girls,12/31/2014 12:00:00 AM,"(-1.5263666043, 39.4178692029)"
Tharaka-Nithi  ,Class 5,6854,Girls,12/31/2014 12:00:00 AM,"(-0.2070612179, 37.8702972709)"
Trans Nzoia    ,Class 5,15691,Girls,12/31/2014 12:00:00 AM,"(1.0509548086, 34.9574199775) "
Turkana        ,Class 5,8502,Girls,12/31/2014 12:00:00 AM,"(3.4248491959, 35.4357584553) "
Uasin Gishu    ,Class 5,12917,Girls,12/31/2014 12:00:00 AM,"(0.5260858915, 35.3220116672) "
Vihiga         ,Class 5,11588,Girls,12/31/2014 12:00:00 AM,"(0.0762657959, 34.7223230361) "
Wajir          ,Class 5,2811,Girls,12/31/2014 12:00:00 AM,"(1.8081376238, 40.0349856396) "
West Pokot     ,Class 5,9226,Girls,12/31/2014 12:00:00 AM,"(1.7401061713, 35.2438468092) "
Baringo        ,Class 6,9424,Girls,12/31/2014 12:00:00 AM,"(0.6692519803, 35.9464653527) "
Bomet          ,Class 6,14657,Girls,12/31/2014 12:00:00 AM,"(-0.7262945834, 35.2985975867)"
Bungoma        ,Class 6,34546,Girls,12/31/2014 12:00:00 AM,"(0.7492852396, 34.6404608756) "
Busia          ,Class 6,16481,Girls,12/31/2014 12:00:00 AM,"(0.3874436775, 34.1936314884) "
Elgeyo Marakwet,Class 6,8228,Girls,12/31/2014 12:00:00 AM,"(0.8022188109, 35.5365631474) "
Embu           ,Class 6,8518,Girls,12/31/2014 12:00:00 AM,"(-0.6039743776, 37.6265013265)"
Garissa        ,Class 6,4030,Girls,12/31/2014 12:00:00 AM,"(-0.4889103448, 40.1992785378)"
Homa Bay       ,Class 6,20481,Girls,12/31/2014 12:00:00 AM,"(-0.5428093942, 34.3589968687)"
Isiolo         ,Class 6,2038,Girls,12/31/2014 12:00:00 AM,"(1.0104430775, 38.5421531206) "
Kajiado        ,Class 6,9908,Girls,12/31/2014 12:00:00 AM,"(-2.1213835779, 36.908842193) "
Kakamega       ,Class 6,36779,Girls,12/31/2014 12:00:00 AM,"(0.403683464, 34.744511153)   "
Kericho        ,Class 6,14445,Girls,12/31/2014 12:00:00 AM,"(-0.295732906, 35.3140700086) "
Kiambu         ,Class 6,21049,Girls,12/31/2014 12:00:00 AM,"(-1.068706066, 36.8235642579) "
Kilifi         ,Class 6,19766,Girls,12/31/2014 12:00:00 AM,"(-3.1757320132, 39.6866875507)"
Kirinyaga      ,Class 6,8101,Girls,12/31/2014 12:00:00 AM,"(-0.5247462962, 37.3198681093)"
Kisii          ,Class 6,20289,Girls,12/31/2014 12:00:00 AM,"(-0.7746037572, 34.7747229835)"
Kisumu         ,Class 6,16708,Girls,12/31/2014 12:00:00 AM,"(-0.1694586948, 34.835203466) "
Kitui          ,Class 6,21592,Girls,12/31/2014 12:00:00 AM,"(-1.4910385308, 38.4069210158)"
Kwale          ,Class 6,10754,Girls,12/31/2014 12:00:00 AM,"(-4.1831495272, 39.1904119005)"
Laikipia       ,Class 6,6065,Girls,12/31/2014 12:00:00 AM,"(0.3236041225, 36.7717278588) "
Lamu           ,Class 6,1615,Girls,12/31/2014 12:00:00 AM,"(-2.0786825436, 40.882860682) "
Machakos       ,Class 6,18759,Girls,12/31/2014 12:00:00 AM,"(-1.2795123066, 37.4126760329)"
Makueni        ,Class 6,18396,Girls,12/31/2014 12:00:00 AM,"(-2.1576841001, 37.7882455725)"
Mandera        ,Class 6,3241,Girls,12/31/2014 12:00:00 AM,"(3.436469488, 40.7388101667)  "
Marsabit       ,Class 6,3091,Girls,12/31/2014 12:00:00 AM,"(2.9786587865, 37.5695361088) "
Meru           ,Class 6,20474,Girls,12/31/2014 12:00:00 AM,"(0.1667792413, 37.7640370542) "
Migori         ,Class 6,19182,Girls,12/31/2014 12:00:00 AM,"(-0.9895368437, 34.3633453076)"
Mombasa        ,Class 6,8977,Girls,12/31/2014 12:00:00 AM,"(-4.0212562197, 39.6508827026)"
Muranga        ,Class 6,13728,Girls,12/31/2014 12:00:00 AM,"(-0.8095905365, 37.0327225233)"
Nairobi        ,Class 6,29669,Girls,12/31/2014 12:00:00 AM,"(-1.2934134703, 36.8681892682)"
Nakuru         ,Class 6,27590,Girls,12/31/2014 12:00:00 AM,"(-0.4636754317, 36.0784790942)"
Nandi          ,Class 6,14908,Girls,12/31/2014 12:00:00 AM,"(0.1866888869, 35.1104876664) "
Narok          ,Class 6,14810,Girls,12/31/2014 12:00:00 AM,"(-1.2547903321, 35.5763292139)"
Nyamira        ,Class 6,10054,Girls,12/31/2014 12:00:00 AM,"(-0.6427324001, 34.9646595611)"
Nyandarua      ,Class 6,10251,Girls,12/31/2014 12:00:00 AM,"(-0.3220778225, 36.482869161) "
Nyeri          ,Class 6,9658,Girls,12/31/2014 12:00:00 AM,"(-0.3429235894, 36.9564781346)"
Samburu        ,Class 6,2189,Girls,12/31/2014 12:00:00 AM,"(1.3168546261, 37.118394067)  "
Siaya          ,Class 6,16406,Girls,12/31/2014 12:00:00 AM,"(-0.0621298886, 34.2476417045)"
Taita Taveta   ,Class 6,4314,Girls,12/31/2014 12:00:00 AM,"(-3.4347339937, 38.4186020033)"
Tana River     ,Class 6,2672,Girls,12/31/2014 12:00:00 AM,"(-1.5263666043, 39.4178692029)"
Tharaka-Nithi  ,Class 6,6594,Girls,12/31/2014 12:00:00 AM,"(-0.2070612179, 37.8702972709)"
Trans Nzoia    ,Class 6,15617,Girls,12/31/2014 12:00:00 AM,"(1.0509548086, 34.9574199775) "
Turkana        ,Class 6,7155,Girls,12/31/2014 12:00:00 AM,"(3.4248491959, 35.4357584553) "
Uasin Gishu    ,Class 6,13211,Girls,12/31/2014 12:00:00 AM,"(0.5260858915, 35.3220116672) "
Vihiga         ,Class 6,11368,Girls,12/31/2014 12:00:00 AM,"(0.0762657959, 34.7223230361) "
Wajir          ,Class 6,2356,Girls,12/31/2014 12:00:00 AM,"(1.8081376238, 40.0349856396) "
West Pokot     ,Class 6,8308,Girls,12/31/2014 12:00:00 AM,"(1.7401061713, 35.2438468092) "
Baringo        ,Class 7,9815,Girls,12/31/2014 12:00:00 AM,"(0.6692519803, 35.9464653527) "
Bomet          ,Class 7,16342,Girls,12/31/2014 12:00:00 AM,"(-0.7262945834, 35.2985975867)"
Bungoma        ,Class 7,34879,Girls,12/31/2014 12:00:00 AM,"(0.7492852396, 34.6404608756) "
Busia          ,Class 7,14680,Girls,12/31/2014 12:00:00 AM,"(0.3874436775, 34.1936314884) "
Elgeyo Marakwet,Class 7,8700,Girls,12/31/2014 12:00:00 AM,"(0.8022188109, 35.5365631474) "
Embu           ,Class 7,8687,Girls,12/31/2014 12:00:00 AM,"(-0.6039743776, 37.6265013265)"
Garissa        ,Class 7,3199,Girls,12/31/2014 12:00:00 AM,"(-0.4889103448, 40.1992785378)"
Homa Bay       ,Class 7,18030,Girls,12/31/2014 12:00:00 AM,"(-0.5428093942, 34.3589968687)"
Isiolo         ,Class 7,1846,Girls,12/31/2014 12:00:00 AM,"(1.0104430775, 38.5421531206) "
Kajiado        ,Class 7,8408,Girls,12/31/2014 12:00:00 AM,"(-2.1213835779, 36.908842193) "
Kakamega       ,Class 7,33130,Girls,12/31/2014 12:00:00 AM,"(0.403683464, 34.744511153)   "
Kericho        ,Class 7,15521,Girls,12/31/2014 12:00:00 AM,"(-0.295732906, 35.3140700086) "
Kiambu         ,Class 7,21457,Girls,12/31/2014 12:00:00 AM,"(-1.068706066, 36.8235642579) "
Kilifi         ,Class 7,18678,Girls,12/31/2014 12:00:00 AM,"(-3.1757320132, 39.6866875507)"
Kirinyaga      ,Class 7,8044,Girls,12/31/2014 12:00:00 AM,"(-0.5247462962, 37.3198681093)"
Kisii          ,Class 7,20232,Girls,12/31/2014 12:00:00 AM,"(-0.7746037572, 34.7747229835)"
Kisumu         ,Class 7,16526,Girls,12/31/2014 12:00:00 AM,"(-0.1694586948, 34.835203466) "
Kitui          ,Class 7,21330,Girls,12/31/2014 12:00:00 AM,"(-1.4910385308, 38.4069210158)"
Kwale          ,Class 7,9781,Girls,12/31/2014 12:00:00 AM,"(-4.1831495272, 39.1904119005)"
Laikipia       ,Class 7,6206,Girls,12/31/2014 12:00:00 AM,"(0.3236041225, 36.7717278588) "
Lamu           ,Class 7,1493,Girls,12/31/2014 12:00:00 AM,"(-2.0786825436, 40.882860682) "
Machakos       ,Class 7,19329,Girls,12/31/2014 12:00:00 AM,"(-1.2795123066, 37.4126760329)"
Makueni        ,Class 7,19220,Girls,12/31/2014 12:00:00 AM,"(-2.1576841001, 37.7882455725)"
Mandera        ,Class 7,2622,Girls,12/31/2014 12:00:00 AM,"(3.436469488, 40.7388101667)  "
Marsabit       ,Class 7,2750,Girls,12/31/2014 12:00:00 AM,"(2.9786587865, 37.5695361088) "
Meru           ,Class 7,20228,Girls,12/31/2014 12:00:00 AM,"(0.1667792413, 37.7640370542) "
Migori         ,Class 7,17049,Girls,12/31/2014 12:00:00 AM,"(-0.9895368437, 34.3633453076)"
Mombasa        ,Class 7,8806,Girls,12/31/2014 12:00:00 AM,"(-4.0212562197, 39.6508827026)"
Muranga        ,Class 7,14041,Girls,12/31/2014 12:00:00 AM,"(-0.8095905365, 37.0327225233)"
Nairobi        ,Class 7,27761,Girls,12/31/2014 12:00:00 AM,"(-1.2934134703, 36.8681892682)"
Nakuru         ,Class 7,27603,Girls,12/31/2014 12:00:00 AM,"(-0.4636754317, 36.0784790942)"
Nandi          ,Class 7,14586,Girls,12/31/2014 12:00:00 AM,"(0.1866888869, 35.1104876664) "
Narok          ,Class 7,12980,Girls,12/31/2014 12:00:00 AM,"(-1.2547903321, 35.5763292139)"
Nyamira        ,Class 7,9722,Girls,12/31/2014 12:00:00 AM,"(-0.6427324001, 34.9646595611)"
Nyandarua      ,Class 7,10738,Girls,12/31/2014 12:00:00 AM,"(-0.3220778225, 36.482869161) "
Nyeri          ,Class 7,10518,Girls,12/31/2014 12:00:00 AM,"(-0.3429235894, 36.9564781346)"
Samburu        ,Class 7,1888,Girls,12/31/2014 12:00:00 AM,"(1.3168546261, 37.118394067)  "
Siaya          ,Class 7,15636,Girls,12/31/2014 12:00:00 AM,"(-0.0621298886, 34.2476417045)"
Taita Taveta   ,Class 7,4520,Girls,12/31/2014 12:00:00 AM,"(-3.4347339937, 38.4186020033)"
Tana River     ,Class 7,2465,Girls,12/31/2014 12:00:00 AM,"(-1.5263666043, 39.4178692029)"
Tharaka-Nithi  ,Class 7,6203,Girls,12/31/2014 12:00:00 AM,"(-0.2070612179, 37.8702972709)"
Trans Nzoia    ,Class 7,15717,Girls,12/31/2014 12:00:00 AM,"(1.0509548086, 34.9574199775) "
Turkana        ,Class 7,5987,Girls,12/31/2014 12:00:00 AM,"(3.4248491959, 35.4357584553) "
Uasin Gishu    ,Class 7,13452,Girls,12/31/2014 12:00:00 AM,"(0.5260858915, 35.3220116672) "
Vihiga         ,Class 7,10342,Girls,12/31/2014 12:00:00 AM,"(0.0762657959, 34.7223230361) "
Wajir          ,Class 7,1936,Girls,12/31/2014 12:00:00 AM,"(1.8081376238, 40.0349856396) "
West Pokot     ,Class 7,7887,Girls,12/31/2014 12:00:00 AM,"(1.7401061713, 35.2438468092) "
Baringo        ,Class 8,7265,Girls,12/31/2014 12:00:00 AM,"(0.6692519803, 35.9464653527) "
Bomet          ,Class 8,10983,Girls,12/31/2014 12:00:00 AM,"(-0.7262945834, 35.2985975867)"
Bungoma        ,Class 8,19593,Girls,12/31/2014 12:00:00 AM,"(0.7492852396, 34.6404608756) "
Busia          ,Class 8,8889,Girls,12/31/2014 12:00:00 AM,"(0.3874436775, 34.1936314884) "
Elgeyo Marakwet,Class 8,5950,Girls,12/31/2014 12:00:00 AM,"(0.8022188109, 35.5365631474) "
Embu           ,Class 8,6561,Girls,12/31/2014 12:00:00 AM,"(-0.6039743776, 37.6265013265)"
Garissa        ,Class 8,2493,Girls,12/31/2014 12:00:00 AM,"(-0.4889103448, 40.1992785378)"
Homa Bay       ,Class 8,11827,Girls,12/31/2014 12:00:00 AM,"(-0.5428093942, 34.3589968687)"
Isiolo         ,Class 8,1442,Girls,12/31/2014 12:00:00 AM,"(1.0104430775, 38.5421531206) "
Kajiado        ,Class 8,7076,Girls,12/31/2014 12:00:00 AM,"(-2.1213835779, 36.908842193) "
Kakamega       ,Class 8,22085,Girls,12/31/2014 12:00:00 AM,"(0.403683464, 34.744511153)   "
Kericho        ,Class 8,12004,Girls,12/31/2014 12:00:00 AM,"(-0.295732906, 35.3140700086) "
Kiambu         ,Class 8,20077,Girls,12/31/2014 12:00:00 AM,"(-1.068706066, 36.8235642579) "
Kilifi         ,Class 8,14485,Girls,12/31/2014 12:00:00 AM,"(-3.1757320132, 39.6866875507)"
Kirinyaga      ,Class 8,6514,Girls,12/31/2014 12:00:00 AM,"(-0.5247462962, 37.3198681093)"
Kisii          ,Class 8,13499,Girls,12/31/2014 12:00:00 AM,"(-0.7746037572, 34.7747229835)"
Kisumu         ,Class 8,11499,Girls,12/31/2014 12:00:00 AM,"(-0.1694586948, 34.835203466) "
Kitui          ,Class 8,17780,Girls,12/31/2014 12:00:00 AM,"(-1.4910385308, 38.4069210158)"
Kwale          ,Class 8,7510,Girls,12/31/2014 12:00:00 AM,"(-4.1831495272, 39.1904119005)"
Laikipia       ,Class 8,5323,Girls,12/31/2014 12:00:00 AM,"(0.3236041225, 36.7717278588) "
Lamu           ,Class 8,1233,Girls,12/31/2014 12:00:00 AM,"(-2.0786825436, 40.882860682) "
Machakos       ,Class 8,15311,Girls,12/31/2014 12:00:00 AM,"(-1.2795123066, 37.4126760329)"
Makueni        ,Class 8,15150,Girls,12/31/2014 12:00:00 AM,"(-2.1576841001, 37.7882455725)"
Mandera        ,Class 8,1584,Girls,12/31/2014 12:00:00 AM,"(3.436469488, 40.7388101667)  "
Marsabit       ,Class 8,1650,Girls,12/31/2014 12:00:00 AM,"(2.9786587865, 37.5695361088) "
Meru           ,Class 8,15012,Girls,12/31/2014 12:00:00 AM,"(0.1667792413, 37.7640370542) "
Migori         ,Class 8,11098,Girls,12/31/2014 12:00:00 AM,"(-0.9895368437, 34.3633453076)"
Mombasa        ,Class 8,8499,Girls,12/31/2014 12:00:00 AM,"(-4.0212562197, 39.6508827026)"
Muranga        ,Class 8,11810,Girls,12/31/2014 12:00:00 AM,"(-0.8095905365, 37.0327225233)"
Nairobi        ,Class 8,24960,Girls,12/31/2014 12:00:00 AM,"(-1.2934134703, 36.8681892682)"
Nakuru         ,Class 8,22675,Girls,12/31/2014 12:00:00 AM,"(-0.4636754317, 36.0784790942)"
Nandi          ,Class 8,10633,Girls,12/31/2014 12:00:00 AM,"(0.1866888869, 35.1104876664) "
Narok          ,Class 8,7312,Girls,12/31/2014 12:00:00 AM,"(-1.2547903321, 35.5763292139)"
Nyamira        ,Class 8,7262,Girls,12/31/2014 12:00:00 AM,"(-0.6427324001, 34.9646595611)"
Nyandarua      ,Class 8,9486,Girls,12/31/2014 12:00:00 AM,"(-0.3220778225, 36.482869161) "
Nyeri          ,Class 8,9550,Girls,12/31/2014 12:00:00 AM,"(-0.3429235894, 36.9564781346)"
Samburu        ,Class 8,1385,Girls,12/31/2014 12:00:00 AM,"(1.3168546261, 37.118394067)  "
Siaya          ,Class 8,10828,Girls,12/31/2014 12:00:00 AM,"(-0.0621298886, 34.2476417045)"
Taita Taveta   ,Class 8,4205,Girls,12/31/2014 12:00:00 AM,"(-3.4347339937, 38.4186020033)"
Tana River     ,Class 8,1838,Girls,12/31/2014 12:00:00 AM,"(-1.5263666043, 39.4178692029)"
Tharaka-Nithi  ,Class 8,4681,Girls,12/31/2014 12:00:00 AM,"(-0.2070612179, 37.8702972709)"
Trans Nzoia    ,Class 8,9909,Girls,12/31/2014 12:00:00 AM,"(1.0509548086, 34.9574199775) "
Turkana        ,Class 8,3175,Girls,12/31/2014 12:00:00 AM,"(3.4248491959, 35.4357584553) "
Uasin Gishu    ,Class 8,9968,Girls,12/31/2014 12:00:00 AM,"(0.5260858915, 35.3220116672) "
Vihiga         ,Class 8,8032,Girls,12/31/2014 12:00:00 AM,"(0.0762657959, 34.7223230361) "
Wajir          ,Class 8,1505,Girls,12/31/2014 12:00:00 AM,"(1.8081376238, 40.0349856396) "
West Pokot     ,Class 8,4503,Girls,12/31/2014 12:00:00 AM,"(1.7401061713, 35.2438468092) "
